inst,succ,steps,max_iter,awg fined,mu,sig^2
ruf50-835,1000.0,218.703,3000,218.703,5.109487744619758,0.571324673961147
ruf50-366,999.0,425.117,3000,452.117,5.642615025046602,0.8977241396688519
ruf50-816,999.0,324.862,3000,351.862,5.359001246654331,0.8712059787183517
ruf50-877,988.0,782.763,3000,1106.763,6.244250080539117,1.0217535699949833
ruf50-776,1000.0,377.636,3000,377.636,5.517857427961917,0.947230206472801
ruf50-487,1000.0,166.934,3000,166.934,4.807114954525393,0.6231076662104997
ruf50-766,750.0,1546.535,3000,8296.535,6.908812486183135,1.2881017051056367
ruf50-995,1000.0,224.762,3000,224.762,5.018742594728248,0.8036352360200664
ruf50-127,993.0,458.251,3000,647.251,5.624075783046768,1.034754092368821
ruf50-736,910.0,1089.99,3000,3519.99,6.491573621244389,1.329239760399367
ruf50-404,1000.0,347.489,3000,347.489,5.498811649748887,0.7668592221813816
ruf50-342,1000.0,375.566,3000,375.566,5.512684561927893,0.9264215307315181
ruf50-591,931.0,967.675,3000,2830.675,6.372588296089234,1.2414544598960358
ruf50-359,1000.0,316.965,3000,316.965,5.468892123891162,0.6251985829168875
ruf50-917,985.0,669.169,3000,1074.169,6.028365164917071,1.1423168684170106
ruf50-386,1000.0,171.138,3000,171.138,4.803671930670789,0.66450414803996
ruf50-285,997.0,411.7,3000,492.7,5.393904587605611,1.320368607911698
ruf50-867,1000.0,356.183,3000,356.183,5.485525531213357,0.8536336119771476
ruf50-672,1000.0,231.663,3000,231.663,5.154510074696857,0.6169905959445636
ruf50-728,995.0,493.43,3000,628.43,5.739517036388601,0.9936539591306525
ruf50-45,1000.0,158.301,3000,158.301,4.757312674420599,0.6028922874734239
ruf50-465,1000.0,245.911,3000,245.911,5.16014469186029,0.7290876572845472
ruf50-488,920.0,1071.505,3000,3231.505,6.539197177080822,1.0870368501461483
ruf50-282,394.0,2276.421,3000,18638.421,7.405949094450282,1.2509778609873554
ruf50-722,950.0,987.188,3000,2337.188,6.429906516897125,1.1642166022891371
ruf50-996,999.0,432.042,3000,459.042,5.713078016187011,0.7707432176954645
ruf50-417,999.0,432.708,3000,459.708,5.757385022269878,0.686187118074822
ruf50-372,969.0,761.683,3000,1598.683,6.109106675067356,1.2149546104088864
ruf50-318,1000.0,250.578,3000,250.578,5.154694446359172,0.7127781048213025
ruf50-140,978.0,725.261,3000,1319.261,6.17691244853256,0.911659012460477
ruf50-32,1000.0,294.335,3000,294.335,5.402338549622294,0.5984522988216947
ruf50-584,879.0,1233.798,3000,4500.798,6.684170688883499,1.1330289557556297
ruf50-868,1000.0,96.586,3000,96.586,4.358060804016389,0.4377537037419064
ruf50-254,967.0,901.778,3000,1792.778,6.396918341861762,1.0016280037151466
ruf50-408,1000.0,258.772,3000,258.772,5.264618730624595,0.6077870615946049
ruf50-947,997.0,427.646,3000,508.646,5.623992618792798,0.8781426876529002
ruf50-912,1000.0,395.851,3000,395.851,5.575745811697729,0.9031910384136328
ruf50-906,979.0,784.308,3000,1351.308,6.2401304069605725,1.0116067949202847
ruf50-726,910.0,1174.811,3000,3604.811,6.664806220076052,1.038242471940461
ruf50-650,1000.0,305.432,3000,305.432,5.305197371616586,0.8764971927130518
ruf50-561,1000.0,183.983,3000,183.983,4.846544669869612,0.6796210154344138
ruf50-622,1000.0,95.553,3000,95.553,4.161455795371195,0.6371188466866495
ruf50-944,983.0,756.646,3000,1215.646,6.276383562363981,0.7883309253211529
ruf50-661,825.0,1408.269,3000,6133.269,6.820246352289954,1.1867869147870558
ruf50-468,1000.0,471.644,3000,471.644,5.692347721333065,1.0445516246136435
ruf50-576,1000.0,130.184,3000,130.184,4.653952311613374,0.4423691955421056
ruf50-717,999.0,459.725,3000,486.725,5.753894326395266,0.8288206281317333
ruf50-470,1000.0,416.415,3000,416.415,5.659795818975673,0.8690732124499667
ruf50-166,972.0,797.447,3000,1553.447,6.260868452512049,0.9536456575220549
ruf50-255,997.0,360.191,3000,441.191,5.39244987140557,0.9922885553044629
ruf50-716,1000.0,320.42,3000,320.42,5.374781874557222,0.8631876583028523
ruf50-420,678.0,1637.733,3000,10331.733,6.927364568611556,1.3683285994324865
ruf50-823,956.0,860.886,3000,2048.886,6.174937973593835,1.4466608441062676
ruf50-545,1000.0,188.831,3000,188.831,4.902235735865486,0.690185574581065
ruf50-702,991.0,603.817,3000,846.817,5.952048545655669,1.00369507003022
ruf50-821,1000.0,305.432,3000,305.432,5.353678520875272,0.776302465114055
ruf50-245,734.0,1532.982,3000,8714.982,6.811216319992773,1.5490069498999512
ruf50-854,999.0,466.989,3000,493.989,5.689394238493503,1.0552947178433418
ruf50-418,1000.0,242.791,3000,242.791,5.127701800635064,0.7893722976482045
ruf50-665,1000.0,336.482,3000,336.482,5.3599002950229595,0.9271912449077251
ruf50-934,998.0,510.347,3000,564.347,5.885996508228769,0.7592045493548211
ruf50-541,943.0,967.803,3000,2506.803,6.421893642123267,1.0885255594922116
ruf50-56,1000.0,197.429,3000,197.429,4.905684925105575,0.7527820569157154
ruf50-942,999.0,342.005,3000,369.005,5.5072954246791825,0.7101539699725313
ruf50-975,1000.0,136.176,3000,136.176,4.662656092193347,0.5104721844152796
ruf50-986,1000.0,218.188,3000,218.188,5.067639493756126,0.6690977984580203
ruf50-674,1000.0,225.866,3000,225.866,5.116646523429194,0.6259865717217362
ruf50-562,993.0,502.706,3000,691.706,5.7098813619463495,1.0675254875506728
ruf50-467,1000.0,165.421,3000,165.421,4.769714899645264,0.673419417674149
ruf50-715,1000.0,155.729,3000,155.729,4.777750198799887,0.530190870966237
ruf50-735,1000.0,296.388,3000,296.388,5.334737398227657,0.7579322935549856
ruf50-595,1000.0,282.773,3000,282.773,5.27286077511989,0.7727505452254506
ruf50-109,1000.0,190.645,3000,190.645,4.973608697865905,0.5919887596494757
ruf50-649,1000.0,300.529,3000,300.529,5.359964028558555,0.7366340685492222
ruf50-782,1000.0,214.234,3000,214.234,4.996628141708789,0.7563437589579448
ruf50-953,971.0,675.792,3000,1458.792,5.804196671893814,1.649058249677369
ruf50-217,1000.0,201.517,3000,201.517,4.999440716091735,0.6317159515871893
ruf50-534,915.0,1005.343,3000,3300.343,6.357482174772106,1.3509140997358433
ruf50-335,1000.0,193.818,3000,193.818,5.013437125660519,0.5302628774533816
ruf50-34,1000.0,205.975,3000,205.975,4.7999782041402,0.9465372183255972
ruf50-150,999.0,302.113,3000,329.113,5.269225674965101,0.9617280757774997
ruf50-642,1000.0,356.356,3000,356.356,5.524227404190461,0.7762448686907243
ruf50-292,987.0,759.594,3000,1110.594,6.197993089438218,1.056180729669306
ruf50-405,999.0,412.698,3000,439.698,5.4819033696034305,1.1970337310788925
ruf50-758,1000.0,178.364,3000,178.364,4.853161445146533,0.6934898786466153
ruf50-162,996.0,641.882,3000,749.882,6.06900715705201,0.895683200610634
ruf50-266,1000.0,94.74,3000,94.74,4.316466524885309,0.4442989232046905
ruf50-200,1000.0,237.709,3000,237.709,5.086644407634632,0.7889210861492778
ruf50-68,1000.0,179.747,3000,179.747,4.884500154935418,0.6366757812075241
ruf50-713,920.0,1060.741,3000,3220.741,6.4609107613623316,1.3305477188437174
ruf50-669,552.0,1967.751,3000,14063.751,7.1777622678385296,1.3576615978698714
ruf50-794,560.0,1944.762,3000,13824.762,7.175073383374651,1.2937174998148924
ruf50-384,843.0,1364.516,3000,5603.516,6.786759313102499,1.1636878971613356
ruf50-935,1000.0,349.957,3000,349.957,5.499350810443614,0.7881942660580322
ruf50-750,983.0,666.173,3000,1125.173,6.008641227585059,1.1442909751827879
ruf50-374,1000.0,172.635,3000,172.635,4.890704230504414,0.5421338948878287
ruf50-425,1000.0,135.31,3000,135.31,4.654543288715234,0.5100228675187716
ruf50-859,1000.0,213.12,3000,213.12,4.900310578776136,0.8852924146663953
ruf50-872,997.0,510.456,3000,591.456,5.829334078449348,0.8975997904912627
ruf50-881,993.0,536.849,3000,725.849,5.7212905043467535,1.2306819585418363
ruf50-520,1000.0,339.124,3000,339.124,5.469912340290765,0.8095412850549102
ruf50-421,1000.0,147.778,3000,147.778,4.592097473937463,0.7637805984592212
ruf50-218,928.0,996.149,3000,2940.149,6.3637475129365155,1.3599406847918292
ruf50-26,1000.0,322.528,3000,322.528,5.437837276931026,0.741824000557189
ruf50-110,1000.0,207.071,3000,207.071,5.007571111875396,0.6398139128382699
ruf50-558,1000.0,183.265,3000,183.265,4.847198258936925,0.7369507610517249
ruf50-206,1000.0,273.967,3000,273.967,5.152248986737699,0.909382378297241
ruf50-830,948.0,950.528,3000,2354.528,6.444862065828616,1.014408938187214
ruf50-936,1000.0,243.884,3000,243.884,5.136430051784758,0.7460229207187726
ruf50-961,1000.0,108.124,3000,108.124,4.467526290977955,0.43285059537080667
ruf50-760,999.0,474.804,3000,501.804,5.830934029378914,0.7199565440834589
ruf50-678,1000.0,452.567,3000,452.567,5.794949163947084,0.6758512587366794
ruf50-555,974.0,771.786,3000,1473.786,6.170264822682257,1.0520736547927283
ruf50-199,998.0,419.49,3000,473.49,5.638114500854173,0.820210013794894
ruf50-452,731.0,1655.08,3000,8918.08,7.0466840823985795,1.0709413289804628
ruf50-526,932.0,951.289,3000,2787.289,6.329741855524099,1.3010330399017354
ruf50-138,1000.0,141.91,3000,141.91,4.696482502933711,0.5260456975206114
ruf50-19,807.0,1423.139,3000,6634.139,6.800595581417374,1.3088970424541138
ruf50-496,1000.0,312.62,3000,312.62,5.349670727787816,0.8366775331971004
ruf50-855,1000.0,117.793,3000,117.793,4.5630939783309525,0.41745936234182335
ruf50-732,1000.0,371.364,3000,371.364,5.466684365221427,0.9349680974166782
ruf50-626,1000.0,323.967,3000,323.967,5.509491374643223,0.5779989266398634
ruf50-1000,997.0,502.158,3000,583.158,5.700968330942777,1.1310341979569198
ruf50-458,1000.0,339.355,3000,339.355,5.407317899306818,0.8594471002638933
ruf50-913,993.0,571.528,3000,760.528,5.850284279043178,1.1374250767874492
ruf50-498,1000.0,253.812,3000,253.812,5.178142404308444,0.7459374931722766
ruf50-219,528.0,2011.249,3000,14755.249,7.226184488328916,1.2887984331526505
ruf50-235,1000.0,485.199,3000,485.199,5.856715333588348,0.729099209422953
ruf50-328,974.0,684.59,3000,1386.59,5.93593194847107,1.2838458723102597
ruf50-151,943.0,930.187,3000,2469.187,6.255101674616155,1.4926494909874584
ruf50-321,1000.0,194.943,3000,194.943,4.909938906923198,0.7480772476355443
ruf50-368,1000.0,328.916,3000,328.916,5.438707448434802,0.7554179108664167
ruf50-652,1000.0,300.775,3000,300.775,5.424068790157258,0.5952050837791217
ruf50-633,921.0,1175.228,3000,3308.228,6.711778863728346,0.905902625248412
ruf50-825,985.0,579.029,3000,984.029,5.823816601622571,1.2139236057031193
ruf50-389,1000.0,186.888,3000,186.888,4.782259855598324,0.8160620447308743
ruf50-280,1000.0,364.843,3000,364.843,5.527528147983977,0.786272714908242
ruf50-225,994.0,662.423,3000,824.423,6.0662802091737,1.0274225142114772
ruf50-476,1000.0,282.081,3000,282.081,5.316133207534716,0.670957342959886
ruf50-932,1000.0,229.776,3000,229.776,4.9541747049497555,0.8703160498723725
ruf50-741,1000.0,93.995,3000,93.995,4.339085063612962,0.4023025623278277
ruf50-827,1000.0,200.034,3000,200.034,4.979241321514012,0.6289104040196537
ruf50-448,1000.0,337.362,3000,337.362,5.4432763643035065,0.8262021236131987
ruf50-999,979.0,753.817,3000,1320.817,6.240520353638592,0.8476516124103846
ruf50-838,870.0,1236.487,3000,4746.487,6.668656681401686,1.1613266888963825
ruf50-892,355.0,2421.149,3000,19836.149,7.595796583427554,0.7221994637594906
ruf50-529,966.0,845.05,3000,1763.05,6.329324164707803,0.9613983684668205
ruf50-677,1000.0,497.19,3000,497.19,5.896247959339513,0.6769466044406267
ruf50-988,790.0,1526.912,3000,7196.912,6.9412904676607265,1.093664365224904
ruf50-740,950.0,787.064,3000,2137.064,6.052790993224217,1.4114530685529427
ruf50-275,994.0,637.826,3000,799.826,6.061346690378861,0.888468133580612
ruf50-35,883.0,1234.15,3000,4393.15,6.6974579149847635,1.0857992204151847
ruf50-950,1000.0,84.042,3000,84.042,4.215585793390475,0.40258858785473167
ruf50-519,994.0,387.662,3000,549.662,5.49258223125851,0.9583912452632778
ruf50-574,1000.0,408.061,3000,408.061,5.6442556642423884,0.777975397228057
ruf50-916,996.0,672.059,3000,780.059,6.147040788217374,0.833358685261463
ruf50-685,665.0,1728.973,3000,10773.973,7.072337032466621,1.121258075829103
ruf50-921,1000.0,284.777,3000,284.777,5.218864243469737,0.9458110180137075
ruf50-501,966.0,785.221,3000,1703.221,6.11796736627693,1.3157986513166562
ruf50-638,972.0,896.027,3000,1652.027,6.396262454404425,0.9451035368636169
ruf50-900,1000.0,261.863,3000,261.863,5.229972475892523,0.68747943476412
ruf50-691,950.0,908.414,3000,2258.414,6.34027659806684,1.1132299913613943
ruf50-306,1000.0,148.67,3000,148.67,4.725089427730018,0.5550402285736192
ruf50-182,530.0,2088.423,3000,14778.423,7.355062566774388,0.9449662840082984
ruf50-54,910.0,1073.164,3000,3503.164,6.509959176225596,1.1612681875558937
ruf50-971,966.0,846.687,3000,1764.687,6.287340346318519,1.048559623729824
ruf50-902,1000.0,305.029,3000,305.029,5.276661533497196,0.9081809035658165
ruf50-536,970.0,581.713,3000,1391.713,5.674719140556789,1.4072654913554385
ruf50-4,738.0,1680.821,3000,8754.821,7.077109191803495,1.0174192530732349
ruf50-552,904.0,1156.453,3000,3748.453,6.605536435168482,1.1461471575813835
ruf50-169,659.0,1742.807,3000,10949.807,7.066260776643651,1.1917660015313252
ruf50-730,996.0,491.582,3000,599.582,5.798259645389452,0.8461725503515415
ruf50-754,1000.0,164.986,3000,164.986,4.810980678504117,0.5950687672659385
ruf50-75,985.0,514.16,3000,919.16,5.441991363697321,1.6847881382859087
ruf50-207,996.0,572.873,3000,680.873,5.944767947822172,0.9172526815765019
ruf50-929,985.0,810.727,3000,1215.727,6.344151091743456,0.8174854558985573
ruf50-550,1000.0,111.82,3000,111.82,4.485281314168767,0.44485665921796136
ruf50-580,834.0,1298.477,3000,5780.477,6.63764899307757,1.4555263686771833
ruf50-175,952.0,890.22,3000,2186.22,6.265751819256089,1.285805399333423
ruf50-319,997.0,488.919,3000,569.919,5.729994758971308,1.0228413785007178
ruf50-610,995.0,554.431,3000,689.431,5.94163891813489,0.8332707208031248
ruf50-546,1000.0,209.893,3000,209.893,5.085388041414018,0.5464441312320317
ruf50-890,1000.0,254.946,3000,254.946,5.1789361231157285,0.7458585020006829
ruf50-375,1000.0,141.585,3000,141.585,4.700018038974887,0.5159452954996223
ruf50-236,1000.0,261.109,3000,261.109,5.224418950220225,0.7326637910006978
ruf50-651,753.0,1510.911,3000,8179.911,6.848778592021477,1.39486025121529
ruf50-358,999.0,466.475,3000,493.475,5.789366736599392,0.7792226836352738
ruf50-257,1000.0,180.321,3000,180.321,4.828585484931055,0.7036567023374729
ruf50-92,1000.0,154.831,3000,154.831,4.778236742992543,0.5191377080626226
ruf50-159,911.0,1069.665,3000,3472.665,6.39998452998288,1.5231166462222085
ruf50-625,1000.0,487.3,3000,487.3,5.831873700801184,0.8230809784449393
ruf50-908,953.0,824.742,3000,2093.742,6.1833093040667,1.2078554767383758
ruf50-673,990.0,630.133,3000,900.133,6.002157437142159,1.01225260638173
ruf50-711,992.0,633.46,3000,849.46,6.068826889247318,0.8260908467781225
ruf50-125,1000.0,346.371,3000,346.371,5.4598305837998184,0.8454010984894005
ruf50-675,836.0,1394.889,3000,5822.889,6.839539817235358,1.089554034526654
ruf50-563,986.0,651.864,3000,1029.864,6.059391846862607,0.932425524444255
ruf50-189,1000.0,177.612,3000,177.612,4.867294552524709,0.657436604847579
ruf50-268,995.0,516.22,3000,651.22,5.703548485623898,1.1814616403792972
ruf50-743,887.0,1279.848,3000,4330.848,6.699920910775533,1.2323960784690193
ruf50-393,866.0,1303.123,3000,4921.123,6.713028432133687,1.2616133308549449
ruf50-152,845.0,1406.023,3000,5591.023,6.866225529345993,1.0442524750980458
ruf50-752,919.0,1025.062,3000,3212.062,6.438707224082334,1.23419509760393
ruf50-701,1000.0,400.518,3000,400.518,5.562816997478627,0.9626689934565543
ruf50-765,999.0,400.204,3000,427.204,5.610361619515098,0.7974797358351516
ruf50-590,1000.0,327.82,3000,327.82,5.383717142949561,0.8731773193895063
ruf50-905,968.0,750.422,3000,1614.422,6.092414320018199,1.1906849286812964
ruf50-42,914.0,1099.271,3000,3421.271,6.533790733498303,1.201434265703634
ruf50-525,1000.0,182.071,3000,182.071,4.836141209648719,0.7517680235540427
ruf50-967,1000.0,157.198,3000,157.198,4.752057913354148,0.6219715627474048
ruf50-117,1000.0,321.037,3000,321.037,5.4795592378815785,0.6128713286939
ruf50-249,1000.0,354.715,3000,354.715,5.409446016236786,1.0295439848479915
ruf50-370,1000.0,117.164,3000,117.164,4.512878257241578,0.4876135562963401
ruf50-663,1000.0,108.042,3000,108.042,4.412451020308652,0.5005003770465064
ruf50-323,812.0,1451.452,3000,6527.452,6.860800664396901,1.179993169040898
ruf50-388,656.0,1800.922,3000,11088.922,7.1346812926002166,1.0780563258729206
ruf50-914,937.0,1056.22,3000,2757.22,6.565524780148771,0.973192072150599
ruf50-693,999.0,502.513,3000,529.513,5.6916212874316825,1.1704989101310324
ruf50-842,1000.0,121.045,3000,121.045,4.527478335448072,0.518366138554011
ruf50-592,1000.0,262.564,3000,262.564,5.145047516420241,0.8365090183430605
ruf50-156,1000.0,179.299,3000,179.299,4.8407122416124615,0.6895485874909063
ruf50-734,998.0,343.698,3000,397.698,5.330456653016231,0.9873710872626222
ruf50-360,1000.0,86.813,3000,86.813,4.236258796115393,0.43967082830718074
ruf50-756,955.0,856.954,3000,2071.954,6.270353964775911,1.1490034443952766
ruf50-647,1000.0,244.773,3000,244.773,5.16391819122319,0.7048772486702389
ruf50-755,991.0,648.34,3000,891.34,6.053015057727513,0.9445700656316148
ruf50-884,1000.0,124.083,3000,124.083,4.430046090422251,0.7266384269070376
ruf50-65,992.0,401.812,3000,617.812,5.496755731656032,0.9285282956553221
ruf50-371,1000.0,433.022,3000,433.022,5.7052284398333715,0.7848124909973668
ruf50-230,850.0,1280.751,3000,5330.751,6.64721325420085,1.404275041854843
ruf50-233,1000.0,188.205,3000,188.205,4.882095878667517,0.7047107004793627
ruf50-582,970.0,873.661,3000,1683.661,6.377866898677964,0.9273887508714097
ruf50-171,988.0,648.588,3000,972.588,5.9759685516833985,1.1123951495316649
ruf50-6,992.0,698.244,3000,914.244,6.174729213925092,0.8668872682496094
ruf50-684,1000.0,163.657,3000,163.657,4.831324597668467,0.5444881066996563
ruf50-483,1000.0,257.845,3000,257.845,5.231297861160441,0.6786337318116222
ruf50-615,1000.0,301.022,3000,301.022,5.3181844040295605,0.7977066365057713
ruf50-862,1000.0,377.985,3000,377.985,5.62026835666501,0.6790551371740677
ruf50-301,941.0,1087.324,3000,2680.324,6.626524839924096,0.8859451471825117
ruf50-682,997.0,453.346,3000,534.346,5.6656079000892205,0.9977846157264703
ruf50-322,1000.0,229.541,3000,229.541,5.0932836326749555,0.7015036092196228
ruf50-314,1000.0,281.896,3000,281.896,5.286992741437992,0.7830575231013788
ruf50-723,999.0,475.879,3000,502.879,5.740924646375491,0.8952404369878282
ruf50-269,987.0,533.757,3000,884.757,5.661350255491896,1.3031847068823394
ruf50-834,1000.0,412.063,3000,412.063,5.596819464147281,0.9157954143615679
ruf50-922,993.0,589.496,3000,778.496,5.917639118778021,1.0648666217212455
ruf50-724,999.0,472.151,3000,499.151,5.790256606976172,0.7889103665907353
ruf50-85,1000.0,275.072,3000,275.072,5.295978897753883,0.7051831432889573
ruf50-533,999.0,459.84,3000,486.84,5.670582918417247,1.0573708798044865
ruf50-893,1000.0,253.747,3000,253.747,5.218091755836342,0.6421217060492689
ruf50-797,1000.0,177.182,3000,177.182,4.911212460347644,0.5658834560211871
ruf50-924,991.0,634.657,3000,877.657,6.089799745674032,0.8196712004862886
ruf50-37,1000.0,423.867,3000,423.867,5.637123778267923,0.911153785572844
ruf50-804,993.0,529.917,3000,718.917,5.800015280730717,1.0452180599381522
ruf50-84,1000.0,227.162,3000,227.162,5.167689291903971,0.5370329829588509
ruf50-71,1000.0,104.598,3000,104.598,4.3868585970635605,0.5243277931314237
ruf50-941,995.0,490.502,3000,625.502,5.744101436978738,0.9872099738589707
ruf50-668,1000.0,244.511,3000,244.511,5.145367608967925,0.7129613387813666
ruf50-223,1000.0,210.25,3000,210.25,5.043229079689023,0.6279592814460757
ruf50-126,1000.0,198.205,3000,198.205,4.939066543978301,0.6799656214867356
ruf50-10,1000.0,118.227,3000,118.227,4.477765740854694,0.5855339646014759
ruf50-998,999.0,289.135,3000,316.135,5.220907881966869,0.8975477155780568
ruf50-697,974.0,762.179,3000,1464.179,6.167453883742639,1.1199056294704504
ruf50-806,1000.0,244.985,3000,244.985,5.157829667650445,0.6920621757528553
ruf50-568,1000.0,374.227,3000,374.227,5.472164417325767,0.9795543550691425
ruf50-164,1000.0,211.388,3000,211.388,5.037852213511098,0.66060927193746
ruf50-803,882.0,1278.888,3000,4464.888,6.756496559591676,1.0737886554702094
ruf50-779,996.0,466.882,3000,574.882,5.674261523278426,1.0394442147137404
ruf50-379,902.0,1017.696,3000,3663.696,6.377033128783865,1.3504373909509824
ruf50-770,1000.0,170.72,3000,170.72,4.808246300245507,0.659564528948264
ruf50-309,996.0,514.381,3000,622.381,5.756779421530751,1.10253737337386
ruf50-485,1000.0,370.091,3000,370.091,5.571988051850188,0.7329262503907903
ruf50-959,1000.0,257.09,3000,257.09,5.198204635587835,0.7097768219365688
ruf50-720,999.0,472.557,3000,499.557,5.760496824726455,0.8910308893397452
ruf50-461,962.0,763.66,3000,1789.66,6.075094871238722,1.2900413685230083
ruf50-549,1000.0,191.765,3000,191.765,4.891597910110945,0.7413573086549102
ruf50-791,971.0,798.001,3000,1581.001,6.237417999927529,1.0392979647615304
ruf50-607,988.0,639.754,3000,963.754,5.9498773266948435,1.1088731183808844
ruf50-653,818.0,1476.215,3000,6390.215,6.916867097770234,1.039432408991748
ruf50-20,1000.0,326.539,3000,326.539,5.466770708976207,0.695250852806138
ruf50-992,998.0,489.702,3000,543.702,5.8499814414430125,0.7339218935083006
ruf50-710,991.0,710.777,3000,953.777,6.207139516140824,0.8187208818753404
ruf50-347,1000.0,324.86,3000,324.86,5.450071023243234,0.7113329016141566
ruf50-535,1000.0,337.818,3000,337.818,5.499708836912038,0.6904314079659994
ruf50-604,1000.0,278.528,3000,278.528,4.983668674779822,1.1998107888346647
ruf50-679,1000.0,252.627,3000,252.627,4.920901862553761,1.0582460361916857
ruf50-745,991.0,612.615,3000,855.615,6.0120386042415195,0.9159419416746986
ruf50-899,995.0,462.073,3000,597.073,5.641278774612925,1.0485469648870185
ruf50-343,961.0,651.893,3000,1704.893,5.791603039798894,1.4397873090541269
ruf50-44,934.0,1042.344,3000,2824.344,6.480436788875194,1.2589857076656554
ruf50-432,678.0,1693.245,3000,10387.245,6.984173308079751,1.3816444145646534
ruf50-246,982.0,702.742,3000,1188.742,6.054747034671625,1.1401105556497253
ruf50-111,1000.0,302.425,3000,302.425,5.318878285469427,0.8061266840376915
ruf50-993,1000.0,172.604,3000,172.604,4.820840894194805,0.6601571228411621
ruf50-267,1000.0,430.711,3000,430.711,5.727685110895091,0.7593331694307593
ruf50-114,985.0,790.398,3000,1195.398,6.192190589669995,1.1428763293066464
ruf50-613,1000.0,109.808,3000,109.808,4.4756317146685625,0.4474166762148495
ruf50-22,962.0,870.74,3000,1896.74,6.333627995525341,1.0334216900369713
ruf50-302,751.0,1593.689,3000,8316.689,6.946357173598684,1.295439386935912
ruf50-327,1000.0,224.535,3000,224.535,5.007302673000817,0.8094592421011378
ruf50-891,1000.0,270.207,3000,270.207,5.275012063102723,0.7026407904913023
ruf50-556,1000.0,297.614,3000,297.614,5.368544399963362,0.6881178984142778
ruf50-260,1000.0,184.508,3000,184.508,4.997503507056544,0.463370660376162
ruf50-833,788.0,1484.964,3000,7208.964,6.86344550582308,1.2442707643995117
ruf50-486,1000.0,234.503,3000,234.503,5.0862610124608425,0.7751057508867621
ruf50-510,900.0,1047.478,3000,3747.478,6.3133446138934355,1.7268531329528325
ruf50-397,999.0,426.402,3000,453.402,5.741577367294017,0.6856667894329864
ruf50-688,998.0,164.092,3000,218.092,4.613777539130595,0.7477347395053006
ruf50-521,934.0,970.399,3000,2752.399,6.37081867934481,1.2554477756937787
ruf50-508,999.0,411.52,3000,438.52,5.670631000011397,0.7949016290744264
ruf50-667,789.0,1521.258,3000,7218.258,6.954597394355639,1.018850891779525
ruf50-391,1000.0,378.946,3000,378.946,5.554223220483995,0.8466172336536725
ruf50-641,1000.0,322.176,3000,322.176,5.418338455340192,0.7855827199951336
ruf50-646,1000.0,254.884,3000,254.884,5.241508785316842,0.6285086799215823
ruf50-8,988.0,676.294,3000,1000.294,6.099814990280157,0.9486721902987344
ruf50-113,1000.0,244.819,3000,244.819,5.128707664193325,0.7612934607955814
ruf50-621,1000.0,112.329,3000,112.329,4.4621285990836475,0.5187810558000171
ruf50-167,908.0,1039.74,3000,3523.74,6.376207305956442,1.40573052769935
ruf50-639,713.0,1686.189,3000,9435.189,7.0388639022199735,1.1970504588382935
ruf50-211,1000.0,186.079,3000,186.079,4.977111637833088,0.519738264180976
ruf50-433,1000.0,229.131,3000,229.131,5.001266983044342,0.8274013768071666
ruf50-324,1000.0,222.839,3000,222.839,5.108669141913514,0.6227508869166395
ruf50-287,973.0,804.182,3000,1533.182,6.198886738873448,1.185767477466441
ruf50-163,989.0,593.739,3000,890.739,5.874550100801175,1.1796121251414247
ruf50-511,698.0,1689.185,3000,9843.185,7.053851826514915,1.0589734193133051
ruf50-738,999.0,385.18,3000,412.18,5.54184249907978,0.8661312238565676
ruf50-252,1000.0,151.964,3000,151.964,4.697676047319696,0.6418111928971286
ruf50-27,1000.0,261.739,3000,261.739,5.271098250543585,0.6193264711751059
ruf50-444,610.0,1918.876,3000,12448.876,7.237026788934651,1.001663626938137
ruf50-619,989.0,641.605,3000,938.605,6.044266201137613,0.950610018796293
ruf50-213,995.0,576.673,3000,711.673,5.902946280645118,1.0407275714106832
ruf50-431,1000.0,312.455,3000,312.455,5.4498249083184875,0.6323671100215518
ruf50-970,794.0,1476.143,3000,7038.143,6.897281776717339,1.094007830161323
ruf50-588,999.0,495.461,3000,522.461,5.770889457996372,0.9951867385520595
ruf50-484,246.0,2596.939,3000,22954.939,7.696587509157985,0.6570589890979731
ruf50-103,775.0,1409.958,3000,7484.958,6.724145949683182,1.5007553962694709
ruf50-544,1000.0,133.248,3000,133.248,4.574609495779161,0.6251890987115603
ruf50-336,698.0,1682.413,3000,9836.413,7.042964355319509,1.121266017868846
ruf50-181,1000.0,120.094,3000,120.094,4.4114864820640545,0.6632083564154188
ruf50-699,1000.0,246.935,3000,246.935,5.215250018361348,0.6230979844384286
ruf50-241,1000.0,368.638,3000,368.638,5.58672139310278,0.7238464643754231
ruf50-224,874.0,1338.259,3000,4740.259,6.847605388386584,0.9081471778872836
ruf50-680,996.0,489.809,3000,597.809,5.760278255242603,0.943685131150572
ruf50-608,990.0,714.567,3000,984.567,6.140978912053532,1.00710983760508
ruf50-813,985.0,735.825,3000,1140.825,6.143036596733766,1.1001990341959424
ruf50-814,999.0,398.36,3000,425.36,5.556405298450977,0.9348927599427497
ruf50-145,703.0,1505.548,3000,9524.548,6.71863693521434,1.7489151361811899
ruf50-53,932.0,850.595,3000,2686.595,6.083210508703138,1.5801513517046046
ruf50-522,530.0,2059.818,3000,14749.818,7.283066664154641,1.1903406248375294
ruf50-90,850.0,1272.361,3000,5322.361,6.670682346509694,1.304346014755014
ruf50-147,792.0,1465.677,3000,7081.677,6.856058466304079,1.2268262732655708
ruf50-136,1000.0,168.621,3000,168.621,4.883262305565616,0.5234281558979997
ruf50-402,1000.0,210.763,3000,210.763,5.094030969942905,0.5360392119959652
ruf50-165,1000.0,150.223,3000,150.223,4.742252392090141,0.5541970840215813
ruf50-242,991.0,684.006,3000,927.006,6.121949443514724,0.9362427624363877
ruf50-160,941.0,954.614,3000,2547.614,6.426401952686139,1.0355859791294042
ruf50-599,1000.0,159.126,3000,159.126,4.815327837925463,0.5345312257738359
ruf50-516,978.0,687.038,3000,1281.038,5.9899193858277,1.1767135847432248
ruf50-818,992.0,608.627,3000,824.627,5.996447746386873,0.9343187294351581
ruf50-453,770.0,1363.045,3000,7573.045,6.596325586548705,1.737060876433217
ruf50-762,1000.0,148.137,3000,148.137,4.725100961764372,0.5503310108350052
ruf50-409,660.0,1718.883,3000,10898.883,6.969680360606884,1.5298263248108552
ruf50-36,938.0,940.315,3000,2614.315,6.370325579054566,1.1264248540655104
ruf50-471,1000.0,113.452,3000,113.452,4.496065497371711,0.46298674092492065
ruf50-670,1000.0,164.813,3000,164.813,4.773474830865094,0.6426216144826373
ruf50-373,1000.0,163.717,3000,163.717,4.742226753413048,0.6723812730452117
ruf50-172,867.0,1307.248,3000,4898.248,6.752975360169909,1.1098497149043658
ruf50-480,1000.0,256.024,3000,256.024,5.307983786478871,0.5073172635299638
ruf50-948,1000.0,409.365,3000,409.365,5.643707218175549,0.8178119680922629
ruf50-124,1000.0,337.395,3000,337.395,5.361895684276606,0.923223640345483
ruf50-712,984.0,673.925,3000,1105.925,6.057334731874237,1.0634055145424384
ruf50-557,998.0,424.735,3000,478.735,5.513543532890733,1.1464383775024287
ruf50-12,584.0,1911.555,3000,13143.555,7.1615466553758145,1.2662853167954682
ruf50-778,999.0,242.49,3000,269.49,5.094489913567052,0.7894208883028853
ruf50-547,639.0,1811.094,3000,11558.094,7.139425938391943,1.0827678090380326
ruf50-174,389.0,2254.489,3000,18751.489,7.377794495074121,1.239418248908051
ruf50-974,1000.0,275.014,3000,275.014,5.198283545703598,0.8604586647345531
ruf50-969,1000.0,255.36,3000,255.36,5.246447924716269,0.621796289162143
ruf50-828,1000.0,440.279,3000,440.279,5.777808965477075,0.6743385549055855
ruf50-331,999.0,558.955,3000,585.955,5.957763165218525,0.8382980753905296
ruf50-196,973.0,835.15,3000,1564.15,6.345786079976709,0.8781094365469665
ruf50-445,1000.0,269.542,3000,269.542,5.287720722540437,0.6514926912868056
ruf50-489,947.0,836.194,3000,2267.194,6.149407241112001,1.394611165970516
ruf50-198,996.0,519.993,3000,627.993,5.881387660743468,0.8081188497501751
ruf50-602,1000.0,222.65,3000,222.65,5.118950617469875,0.6042349553457755
ruf50-423,1000.0,201.537,3000,201.537,5.029176048018508,0.5902572372624203
ruf50-47,998.0,552.532,3000,606.532,5.9419339536400875,0.8356305420515141
ruf50-718,413.0,2276.501,3000,18125.501,7.468999033173211,0.9039427052849347
ruf50-440,991.0,620.203,3000,863.203,5.980026163960829,0.9539382330563777
ruf50-464,992.0,584.279,3000,800.279,5.88722770476216,1.1124452910310563
ruf50-731,988.0,525.025,3000,849.025,5.634875638230175,1.343099021910727
ruf50-528,1000.0,214.645,3000,214.645,5.021617994290009,0.6796049912373604
ruf50-376,999.0,318.832,3000,345.832,5.282367356001054,1.0058387128927457
ruf50-98,817.0,1321.758,3000,6262.758,6.616242368131065,1.5948435660975224
ruf50-146,1000.0,174.843,3000,174.843,4.862472172530105,0.6383913517139275
ruf50-616,1000.0,372.918,3000,372.918,5.664732707201598,0.5611204508177792
ruf50-226,981.0,647.348,3000,1160.348,5.986529025039862,1.097017336525765
ruf50-636,984.0,703.428,3000,1135.428,6.183778969299147,0.8430908973284609
ruf50-208,889.0,1068.451,3000,4065.451,6.3703304627923165,1.5462104267931231
ruf50-984,951.0,792.413,3000,2115.413,6.032089141178357,1.5272257590151068
ruf50-215,974.0,755.851,3000,1457.851,6.102380956176636,1.2428984908710399
ruf50-49,1000.0,150.214,3000,150.214,4.74568445932992,0.5506536846497864
ruf50-853,1000.0,384.218,3000,384.218,5.600566358201002,0.7581262034073325
ruf50-344,911.0,1042.459,3000,3445.459,6.389404870732289,1.4259891063169055
ruf50-612,1000.0,89.998,3000,89.998,4.282388370307622,0.43184492659392615
ruf50-788,1000.0,300.165,3000,300.165,5.323297437880339,0.818828426401116
ruf50-753,1000.0,272.28,3000,272.28,5.288814298258507,0.6639713039715751
ruf50-264,1000.0,327.545,3000,327.545,5.393831642615345,0.8804929109555367
ruf50-543,995.0,442.245,3000,577.245,5.573886432553526,1.06911811693886
ruf50-925,1000.0,174.719,3000,174.719,4.905195702425423,0.535107908087115
ruf50-272,991.0,520.633,3000,763.633,5.776508419534734,0.993008350484371
ruf50-392,982.0,691.628,3000,1177.628,6.048521527581388,1.1116217935407229
ruf50-349,1000.0,333.104,3000,333.104,5.499784120100383,0.6923152039042888
ruf50-880,850.0,1272.294,3000,5322.294,6.595929030635581,1.5437640545969658
ruf50-88,990.0,630.194,3000,900.194,5.970126973782053,1.0392720618499687
ruf50-874,995.0,409.679,3000,544.679,5.442465013647082,1.1509688454772709
ruf50-121,1000.0,205.792,3000,205.792,4.938001997866295,0.7936270183779052
ruf50-378,991.0,606.317,3000,849.317,5.904163227913108,1.1148953222691649
ruf50-676,965.0,863.651,3000,1808.651,6.34200708328158,0.9479023118374795
ruf50-617,922.0,1038.903,3000,3144.903,6.423183003533649,1.3695353502206922
ruf50-161,995.0,373.487,3000,508.487,5.330048736273041,1.1507770890029196
ruf50-581,1000.0,275.325,3000,275.325,5.1546599309852565,0.9396861788367568
ruf50-469,995.0,621.521,3000,756.521,6.0263269458869555,0.9050552179638351
ruf50-632,1000.0,117.549,3000,117.549,4.475926870895657,0.533722112894112
ruf50-460,993.0,599.745,3000,788.745,5.929944643522653,1.0971385776137204
ruf50-870,988.0,642.685,3000,966.685,6.081847441410361,0.869395347549084
ruf50-120,953.0,893.313,3000,2162.313,6.235243370482718,1.3969277199761143
ruf50-134,998.0,534.578,3000,588.578,5.90147396597556,0.8261074505016064
ruf50-705,1000.0,159.993,3000,159.993,4.623991973548257,0.8293731901649075
ruf50-817,948.0,976.058,3000,2380.058,6.473853030760045,1.004437970032602
ruf50-188,943.0,868.411,3000,2407.411,6.185291150277079,1.4288352817435455
ruf50-709,925.0,1095.613,3000,3120.613,6.578425545898747,1.078338332124078
ruf50-493,1000.0,358.087,3000,358.087,5.5027245363848145,0.8340937687034277
ruf50-983,1000.0,257.452,3000,257.452,5.285386180535509,0.5726078552688033
ruf50-205,983.0,745.903,3000,1204.903,6.1995911606230525,0.9255108161699467
ruf50-939,998.0,339.768,3000,393.768,5.275632137185161,1.08353490258906
ruf50-18,944.0,830.92,3000,2342.92,6.164617593576432,1.308631210681276
ruf50-583,1000.0,201.638,3000,201.638,5.03566480928541,0.5876936305919885
ruf50-13,828.0,1249.281,3000,5893.281,6.560701008854714,1.5015094763241394
ruf50-495,1000.0,251.66,3000,251.66,5.255578791941646,0.5865039952615101
ruf50-194,904.0,1172.489,3000,3764.489,6.649107368429703,1.0617654573989854
ruf50-259,1000.0,322.081,3000,322.081,5.4154831688875,0.7364305731007291
ruf50-141,1000.0,301.976,3000,301.976,5.353738228171939,0.761625335074947
ruf50-982,952.0,1030.441,3000,2326.441,6.545332510540318,0.9684748660390693
ruf50-21,885.0,1214.834,3000,4319.834,6.683157168311032,1.078245933991177
ruf50-978,1000.0,86.227,3000,86.227,4.284496287523266,0.3361796473723774
ruf50-945,997.0,361.467,3000,442.467,5.348573935022493,1.1150906083617633
ruf50-994,1000.0,423.445,3000,423.445,5.665284179931415,0.8049008758741016
ruf50-284,1000.0,144.93,3000,144.93,4.67379853673149,0.6052500266912427
ruf50-326,996.0,399.51,3000,507.51,5.393150087022512,1.189213760237972
ruf50-512,650.0,1854.617,3000,11304.617,7.1655100655443675,1.181214199086678
ruf50-459,998.0,353.193,3000,407.193,5.341695397048694,1.0694224134456707
ruf50-844,993.0,616.209,3000,805.209,6.039478243248123,0.8766221622140455
ruf50-683,999.0,432.898,3000,459.898,5.759580600526342,0.660022284973367
ruf50-927,884.0,1228.205,3000,4360.205,6.686937450348229,1.1059714739991044
ruf50-346,1000.0,262.423,3000,262.423,5.288849484980948,0.6154815994528078
ruf50-446,904.0,1128.334,3000,3720.334,6.6119783534568555,1.0353051350384925
ruf50-729,999.0,517.228,3000,544.228,5.8489037109996165,0.8899292193395199
ruf50-9,850.0,1287.701,3000,5337.701,6.741588633302728,1.0726244618225536
ruf50-227,946.0,972.953,3000,2430.953,6.438461935772438,1.0638824122868287
ruf50-51,1000.0,194.546,3000,194.546,4.981721976737594,0.6011384764626125
ruf50-781,1000.0,202.995,3000,202.995,5.022384485528427,0.5776514552920182
ruf50-598,1000.0,258.035,3000,258.035,5.198871210824532,0.7507146291085817
ruf50-66,984.0,573.686,3000,1005.686,5.787725612760408,1.24076112723676
ruf50-291,956.0,949.866,3000,2137.866,6.436347778468786,1.0168154996809942
ruf50-843,999.0,487.629,3000,514.629,5.795490327884353,0.8764549604193476
ruf50-640,767.0,1548.362,3000,7839.362,6.8877902809373035,1.3806649881562316
ruf50-143,998.0,528.585,3000,582.585,5.878406241068616,0.8485060803603521
ruf50-567,1000.0,115.691,3000,115.691,4.512961115311056,0.4685953531116467
ruf50-737,1000.0,297.249,3000,297.249,5.313924094251255,0.8007643483065997
ruf50-403,1000.0,283.12,3000,283.12,5.368253907289572,0.5896838703881615
ruf50-383,1000.0,292.308,3000,292.308,5.28292598108879,0.8262837211944197
ruf50-353,988.0,732.339,3000,1056.339,6.147095539031096,1.0337211506754418
ruf50-768,1000.0,196.014,3000,196.014,4.875807713184001,0.8001643596034771
ruf50-381,1000.0,165.127,3000,165.127,4.843127643073544,0.5389722866634726
ruf50-416,888.0,1204.073,3000,4228.073,6.677680715946767,1.0648635770213555
ruf50-312,963.0,902.689,3000,1901.689,6.367766806786386,1.0789094518760454
ruf50-101,984.0,674.036,3000,1106.036,6.025162464217604,1.1243812806479825
ruf50-777,1000.0,148.24,3000,148.24,4.667537938451654,0.6481655647992132
ruf50-910,985.0,666.54,3000,1071.54,6.009190950701304,1.1145705135925161
ruf50-354,973.0,809.264,3000,1538.264,6.202669989363313,1.1801030205587204
ruf50-91,828.0,1352.568,3000,5996.568,6.737018278687891,1.3273910116372667
ruf50-664,1000.0,108.989,3000,108.989,4.473568117461228,0.42129607420049153
ruf50-955,1000.0,137.223,3000,137.223,4.661446410800475,0.5395526181680059
ruf50-714,1000.0,359.641,3000,359.641,5.542045825427856,0.7296320024443035
ruf50-748,1000.0,211.275,3000,211.275,5.015394497930778,0.6944776722947473
ruf50-263,989.0,587.655,3000,884.655,5.8925471779232215,1.0750308888280544
ruf50-966,999.0,508.237,3000,535.237,5.830351489245348,0.9007737813654094
ruf50-861,980.0,733.171,3000,1273.171,6.145960536351646,1.0225597498433758
ruf50-7,988.0,554.317,3000,878.317,5.787135172955524,1.1926949949006798
ruf50-3,1000.0,279.9,3000,279.9,5.2809716848911945,0.7773452620011905
ruf50-805,1000.0,432.863,3000,432.863,5.747477626522474,0.7172966415253377
ruf50-785,1000.0,184.014,3000,184.014,4.866994460631395,0.6844666110674796
ruf50-860,1000.0,203.444,3000,203.444,4.915764001795884,0.8186120051010634
ruf50-399,1000.0,153.67,3000,153.67,4.75983046261794,0.5482102999908637
ruf50-190,1000.0,189.552,3000,189.552,4.910318201459975,0.697388129509389
ruf50-195,941.0,989.183,3000,2582.183,6.3545063919559714,1.4186682795826302
ruf50-618,972.0,809.809,3000,1565.809,6.245975088469563,1.0835518386424183
ruf50-575,1000.0,391.406,3000,391.406,5.607042697796925,0.8309640722528465
ruf50-800,1000.0,154.007,3000,154.007,4.783166083886325,0.5393961184341436
ruf50-463,683.0,1749.561,3000,10308.561,7.12224963152294,0.9907682707528923
ruf50-214,565.0,1785.087,3000,13530.087,6.949118519272155,1.6942006545665278
ruf50-170,1000.0,270.113,3000,270.113,5.277447497843201,0.6768255861683439
ruf50-793,966.0,889.445,3000,1807.445,6.3490311457068005,1.061908393307991
ruf50-769,1000.0,277.74,3000,277.74,5.27931406471986,0.7440005935826445
ruf50-882,793.0,1537.709,3000,7126.709,6.994158166790392,0.9219925795143705
ruf50-390,1000.0,168.902,3000,168.902,4.763312377628418,0.6930723827977654
ruf50-887,38.0,2912.043,3000,28886.043,7.911959674576955,0.30771789289589424
ruf50-387,997.0,489.754,3000,570.754,5.672684862512427,1.135547823957101
ruf50-311,984.0,612.942,3000,1044.942,5.879812318937398,1.1975428585203898
ruf50-2,989.0,431.538,3000,728.538,5.47687838513807,1.1542721922206203
ruf50-687,1000.0,225.97,3000,225.97,4.991577139872577,0.9015444949578572
ruf50-303,993.0,622.286,3000,811.286,6.040326135550552,0.9005179698139587
ruf50-80,498.0,2059.287,3000,15613.287,7.283591498010629,1.1267341232215138
ruf50-634,1000.0,150.64,3000,150.64,4.756433418605993,0.5393191820522865
ruf50-690,1000.0,160.641,3000,160.641,4.809179931596836,0.5549161001539035
ruf50-83,993.0,563.596,3000,752.596,5.889108273564585,0.9764430675921941
ruf50-858,907.0,1127.058,3000,3638.058,6.4889537713792205,1.3729984925445025
ruf50-954,1000.0,198.418,3000,198.418,5.045000238549909,0.5249213226839383
ruf50-108,998.0,511.777,3000,565.777,5.917645434796154,0.7213806034368724
ruf50-105,993.0,642.083,3000,831.083,6.053677836512567,0.9417152868242302
ruf50-274,1000.0,260.615,3000,260.615,5.277026293842114,0.6005541632347007
ruf50-286,949.0,912.935,3000,2289.935,6.2763560652534265,1.3462727597914261
ruf50-69,1000.0,306.951,3000,306.951,5.453790568400536,0.5935139736143235
ruf50-305,1000.0,162.721,3000,162.721,4.708923726692741,0.7192557874843216
ruf50-48,995.0,479.686,3000,614.686,5.792676558852918,0.8319943261624175
ruf50-958,1000.0,253.595,3000,253.595,5.27587398243481,0.543044137293025
ruf50-656,939.0,1108.517,3000,2755.517,6.639257966126887,0.9284012456431185
ruf50-796,992.0,719.238,3000,935.238,6.205467240375221,0.8744714166663053
ruf50-751,1000.0,379.357,3000,379.357,5.661120780355943,0.6044873982685116
ruf50-587,980.0,773.577,3000,1313.577,6.237184500589367,0.9141515920488918
ruf50-94,1000.0,299.986,3000,299.986,5.388804345185661,0.6953232432994324
ruf50-845,662.0,1763.79,3000,10889.79,7.098037404067337,1.116483369602547
ruf50-380,1000.0,298.741,3000,298.741,5.310933821839745,0.8276760987934519
ruf50-524,1000.0,132.523,3000,132.523,4.579022557509473,0.6113117281812628
ruf50-39,994.0,483.822,3000,645.822,5.584927791409723,1.2579503587842076
ruf50-355,1000.0,138.046,3000,138.046,4.664014353189757,0.530286860923657
ruf50-33,928.0,1008.015,3000,2952.015,6.370465831987724,1.4079319179511196
ruf50-462,999.0,346.739,3000,373.739,5.325974035718535,1.0336469936771142
ruf50-281,995.0,494.374,3000,629.374,5.7001234739253395,1.0662761635957803
ruf50-719,974.0,859.701,3000,1561.701,6.351371812572347,0.975844319330752
ruf50-173,998.0,605.575,3000,659.575,5.971806703559892,1.0066386872057524
ruf50-74,989.0,635.6,3000,932.6,5.971107793536938,1.088820766627261
ruf50-883,969.0,451.148,3000,1288.148,5.148008366431185,1.7432623931086557
ruf50-503,983.0,714.649,3000,1173.649,6.10791247418261,1.111875446859266
ruf50-197,994.0,544.0,3000,706.0,5.814835798727053,1.102726147968664
ruf50-313,999.0,351.527,3000,378.527,5.31648893673621,1.122303595647303
ruf50-763,1000.0,181.121,3000,181.121,4.8970226536123445,0.607784350869316
ruf50-153,869.0,1321.815,3000,4858.815,6.815977480742915,0.9633858631414837
ruf50-655,808.0,1482.506,3000,6666.506,6.894531866077525,1.1293632378522482
ruf50-426,955.0,927.685,3000,2142.685,6.425209483523525,1.013988888021053
ruf50-658,993.0,560.436,3000,749.436,5.821913161991915,1.1614518568660686
ruf50-250,986.0,611.415,3000,989.415,5.87532789227916,1.219217530026257
ruf50-315,995.0,574.312,3000,709.312,5.884811917559307,1.0762918910860568
ruf50-586,997.0,297.622,3000,378.622,5.201395847388395,0.9064862312994256
ruf50-532,742.0,1544.11,3000,8510.11,6.874362154235424,1.3589278219759344
ruf50-509,983.0,785.236,3000,1244.236,6.24945253076044,0.9791737321117221
ruf50-67,997.0,529.959,3000,610.959,5.765406778177051,1.0949392082158969
ruf50-589,950.0,787.154,3000,2137.154,5.9905738554460335,1.5949719363472556
ruf50-976,339.0,2425.533,3000,20272.533,7.572789044236625,0.8164471752566602
ruf50-985,967.0,771.962,3000,1662.962,6.1653851435515135,1.0946092156312601
ruf50-436,1000.0,360.239,3000,360.239,5.487945201627177,0.9103609221800631
ruf50-437,995.0,591.465,3000,726.465,5.915303796329204,1.038493217850016
ruf50-415,1000.0,305.767,3000,305.767,5.242953470571533,0.9415277701568163
ruf50-102,1000.0,267.705,3000,267.705,5.114324276870926,0.9351165242410571
ruf50-24,1000.0,283.12,3000,283.12,5.280487444658934,0.7864255058227029
ruf50-128,905.0,1145.247,3000,3710.247,6.565499502195835,1.299153914468245
ruf50-293,1000.0,195.921,3000,195.921,4.954992436698675,0.6800286843994098
ruf50-106,912.0,1134.052,3000,3510.052,6.537255659588689,1.3264959552789657
ruf50-742,905.0,1105.609,3000,3670.609,6.531255452876992,1.187783874880014
ruf50-419,1000.0,163.664,3000,163.664,4.816773120991199,0.5816261025417929
ruf50-401,930.0,1119.017,3000,3009.017,6.676841685936015,0.8306681957970635
ruf50-635,996.0,534.245,3000,642.245,5.703682959598467,1.2550891979329388
ruf50-596,1000.0,350.717,3000,350.717,5.405613427235512,0.9668779940355015
ruf50-295,832.0,1208.941,3000,5744.941,6.499192417801598,1.541325804705505
ruf50-204,460.0,2187.454,3000,16767.454,7.423902544979984,0.8947198534625703
ruf50-478,909.0,1191.729,3000,3648.729,6.641517786418799,1.2033795136709788
ruf50-308,1000.0,411.714,3000,411.714,5.71770143872989,0.6534189127590899
ruf50-930,1000.0,169.393,3000,169.393,4.785821615350534,0.6790353818765437
ruf50-645,1000.0,334.787,3000,334.787,5.39653753150412,0.9062217925023599
ruf50-96,988.0,660.099,3000,984.099,5.933044398401164,1.341222068549381
ruf50-450,1000.0,123.29,3000,123.29,4.547801460936254,0.5079338940958468
ruf50-17,1000.0,140.429,3000,140.429,4.702360398395767,0.4845302092483868
ruf50-888,1000.0,247.462,3000,247.462,5.176066217094692,0.7052177113450526
ruf50-494,1000.0,151.464,3000,151.464,4.671705519862051,0.6963849738762112
ruf50-911,1000.0,182.753,3000,182.753,4.9224415635461725,0.6068041973518747
ruf50-660,1000.0,89.766,3000,89.766,4.288416579839521,0.4108844733293612
ruf50-981,820.0,1411.06,3000,6271.06,6.760959223897709,1.4675975890559656
ruf50-571,1000.0,416.151,3000,416.151,5.709375776916978,0.6884485178251242
ruf50-116,987.0,741.654,3000,1092.654,6.16483083369059,1.1063988538507865
ruf50-771,1000.0,333.442,3000,333.442,5.429645795228047,0.8195469074358886
ruf50-64,1000.0,131.475,3000,131.475,4.605476927300781,0.5495346130475809
ruf50-472,997.0,593.867,3000,674.867,5.91269189114329,1.1112604344520467
ruf50-299,990.0,667.634,3000,937.634,6.06620350591299,1.033775333804077
ruf50-943,1000.0,117.434,3000,117.434,4.500568062614644,0.524506912216616
ruf50-413,1000.0,230.301,3000,230.301,5.118586992563058,0.6767823481358157
ruf50-810,961.0,908.061,3000,1961.061,6.387700437495781,1.027380540491291
ruf50-168,1000.0,269.081,3000,269.081,5.193351382916452,0.809170827230543
ruf50-837,949.0,962.344,3000,2339.344,6.368326512518202,1.2748359614564155
ruf50-115,1000.0,333.402,3000,333.402,5.305924213116935,1.0740717926274828
ruf50-310,1000.0,304.803,3000,304.803,5.311738960708326,0.835675723795314
ruf50-14,992.0,449.471,3000,665.471,5.54199647959012,1.1962133933936019
ruf50-130,1000.0,152.891,3000,152.891,4.711444304865751,0.6330341009531739
ruf50-118,1000.0,305.235,3000,305.235,5.224526537226578,1.0333241453143407
ruf50-579,1000.0,301.394,3000,301.394,5.280225647580053,0.9067771612507118
ruf50-455,1000.0,334.379,3000,334.379,5.387816750622895,0.8876822452042387
ruf50-62,584.0,1977.065,3000,13209.065,7.267176875481401,1.0156900165253244
ruf50-886,971.0,882.516,3000,1665.516,6.335140638229526,1.1296902758975549
ruf50-178,1000.0,258.85,3000,258.85,5.1640710927829785,0.803477913148824
ruf50-972,564.0,1969.802,3000,13741.802,7.214891304239099,1.2273197376938938
ruf50-351,797.0,1425.278,3000,6906.278,6.785686370901787,1.3306761851489897
ruf50-689,1000.0,259.122,3000,259.122,5.091886507208832,0.9446847836090316
ruf50-857,1000.0,351.226,3000,351.226,5.497890102696441,0.7813191808783034
ruf50-81,1000.0,336.708,3000,336.708,5.48902412662283,0.7365060204480611
ruf50-337,791.0,1383.002,3000,7026.002,6.713790551853196,1.407263826520303
ruf50-895,1000.0,194.064,3000,194.064,4.899937531000269,0.7218009846487626
ruf50-879,999.0,482.028,3000,509.028,5.777562241451688,0.8423010017222307
ruf50-231,976.0,774.536,3000,1422.536,6.1792304260321815,1.1406452254775756
ruf50-515,1000.0,270.277,3000,270.277,5.2906511262589175,0.6694010147016797
ruf50-500,1000.0,251.248,3000,251.248,5.124954510989695,0.7910103661556315
ruf50-63,1000.0,106.163,3000,106.163,4.449790642500961,0.416439878291631
ruf50-991,1000.0,185.963,3000,185.963,4.9051368906523205,0.6112188803862237
ruf50-237,1000.0,290.479,3000,290.479,5.363004949486733,0.6786384359175656
ruf50-537,1000.0,265.296,3000,265.296,5.181058877173164,0.8075288408980915
ruf50-30,973.0,852.516,3000,1581.516,6.334675338565663,0.968779663029265
ruf50-846,1000.0,254.831,3000,254.831,5.309290061461629,0.5130474305327747
ruf50-631,988.0,710.461,3000,1034.461,6.1725648436212746,0.8962500453698687
ruf50-577,938.0,970.632,3000,2644.632,6.412887270990125,1.1447415506685552
ruf50-492,1000.0,221.023,3000,221.023,5.132015212122887,0.5702503651836661
ruf50-565,974.0,806.305,3000,1508.305,6.25515096025221,1.0234618951815808
ruf50-973,1000.0,276.826,3000,276.826,5.2132157944148325,0.8329587874894768
ruf50-176,990.0,675.381,3000,945.381,6.139671404479284,0.8506349549590222
ruf50-412,1000.0,240.775,3000,240.775,5.125719061017788,0.7515601298081223
ruf50-666,1000.0,248.329,3000,248.329,5.142065604859957,0.7752159447430422
ruf50-918,978.0,683.142,3000,1277.142,6.012027101693149,1.1754862113060882
ruf50-449,998.0,433.542,3000,487.542,5.619293684474662,0.9483383562025978
ruf50-759,973.0,855.688,3000,1584.688,6.319107679106256,1.061659483882994
ruf50-504,1000.0,177.323,3000,177.323,4.896733575688592,0.5883717699201624
ruf50-157,1000.0,425.038,3000,425.038,5.668264528354551,0.8383404570402332
ruf50-873,998.0,318.159,3000,372.159,5.395542920182637,0.7445998657565963
ruf50-951,717.0,1593.764,3000,9234.764,6.827977186822204,1.6974424562233417
ruf50-514,614.0,1885.454,3000,12307.454,7.206985628612311,1.0247230185867346
ruf50-95,980.0,750.23,3000,1290.23,6.149611361390749,1.0885050709723785
ruf50-158,998.0,530.37,3000,584.37,5.913912024558865,0.7977193715292675
ruf50-940,1000.0,161.92,3000,161.92,4.737099173211923,0.6460365050014271
ruf50-792,1000.0,80.732,3000,80.732,4.181426148451639,0.3943268733315399
ruf50-662,1000.0,308.788,3000,308.788,5.398745814284312,0.7159477783409395
ruf50-57,895.0,1208.461,3000,4043.461,6.65382712484299,1.1875593875843342
ruf50-466,934.0,925.401,3000,2707.401,6.192926456176943,1.6117755016992488
ruf50-809,748.0,1649.606,3000,8453.606,7.031542560893862,1.1416328396181838
ruf50-212,1000.0,331.792,3000,331.792,5.415188051364215,0.8668633482764572
ruf50-605,1000.0,226.653,3000,226.653,5.0988256132098115,0.6746073759590075
ruf50-382,1000.0,369.326,3000,369.326,5.503544241960491,0.8912116400746366
ruf50-216,984.0,740.815,3000,1172.815,6.16803113695817,1.0115471324551006
ruf50-980,963.0,820.084,3000,1819.084,6.158939478114682,1.329674958184166
ruf50-52,1000.0,264.589,3000,264.589,5.1395932795776,0.889850613618366
ruf50-686,995.0,422.806,3000,557.806,5.427873043492099,1.2588119238390139
ruf50-946,971.0,807.671,3000,1590.671,6.176638079928879,1.2638757137044965
ruf50-443,1000.0,484.104,3000,484.104,5.869084923977336,0.7112008769779506
ruf50-553,999.0,460.692,3000,487.692,5.747749785119777,0.8654930026879207
ruf50-907,925.0,1109.959,3000,3134.959,6.523686234158829,1.2848547868477143
ruf50-202,598.0,1912.673,3000,12766.673,7.1949382747800135,1.1469961156732253
ruf50-304,1000.0,138.389,3000,138.389,4.604008946580555,0.6096206261069917
ruf50-747,996.0,482.742,3000,590.742,5.5761920239798135,1.3616908531896543
ruf50-473,1000.0,328.845,3000,328.845,5.3812427697577805,0.8710417898920072
ruf50-772,1000.0,172.183,3000,172.183,4.762431197673134,0.7628423983264008
ruf50-456,998.0,525.794,3000,579.794,5.800793038530373,1.0222868363614726
ruf50-244,977.0,794.098,3000,1415.098,6.229537973942497,1.049137901339683
ruf50-265,1000.0,224.465,3000,224.465,5.106811046620592,0.6517833882192454
ruf50-603,1000.0,152.918,3000,152.918,4.624910220403655,0.787391082837338
ruf50-184,968.0,783.465,3000,1647.465,6.164957859465622,1.182455598040239
ruf50-191,961.0,872.137,3000,1925.137,6.2602383940092645,1.2473360129481406
ruf50-179,977.0,671.573,3000,1292.573,5.9675801208796795,1.2018861558048415
ruf50-849,1000.0,367.481,3000,367.481,5.566600237213879,0.7317862531364059
ruf50-288,998.0,422.658,3000,476.658,5.503684541902497,1.1613100524148678
ruf50-840,1000.0,122.918,3000,122.918,4.49104764029786,0.6015312333761902
ruf50-928,992.0,762.222,3000,978.222,6.310099027476022,0.7409148238428294
ruf50-410,997.0,394.518,3000,475.518,5.531474805283795,0.9398744925711208
ruf50-262,1000.0,216.799,3000,216.799,5.053502294035431,0.686731991320118
ruf50-839,997.0,584.899,3000,665.899,6.01204113641117,0.7913394651396112
ruf50-822,1000.0,307.117,3000,307.117,5.425319606669505,0.647662639206347
ruf50-815,1000.0,355.399,3000,355.399,5.4950145581909196,0.816746679772156
ruf50-566,605.0,1852.52,3000,12517.52,7.065140280973577,1.4868014879920328
ruf50-424,1000.0,360.406,3000,360.406,5.590538132769629,0.6511705423387499
ruf50-903,922.0,1093.492,3000,3199.492,6.554356178787204,1.1087116959075913
ruf50-434,961.0,874.408,3000,1927.408,6.2605086588270185,1.3049187705842926
ruf50-234,695.0,1714.336,3000,9949.336,7.044855573591345,1.2084717368248417
ruf50-339,1000.0,324.737,3000,324.737,5.340971915126314,0.9030915140294992
ruf50-180,971.0,824.419,3000,1607.419,6.260905162836671,1.066550877564658
ruf50-901,977.0,549.371,3000,1170.371,5.643693859565104,1.3577758314241273
ruf50-923,998.0,443.955,3000,497.955,5.684849634257306,0.9295856314428823
ruf50-70,823.0,1434.931,3000,6213.931,6.86713422173852,1.1322900986623725
ruf50-570,958.0,964.711,3000,2098.711,6.444348904902694,1.0578921854209167
ruf50-564,997.0,418.654,3000,499.654,5.540689418960225,1.0256607040671404
ruf50-72,984.0,641.831,3000,1073.831,5.961124772977754,1.1314202314787536
ruf50-1,887.0,1209.052,3000,4260.052,6.585342829660304,1.4119967675382616
ruf50-435,886.0,1102.209,3000,4180.209,6.439944603231646,1.4567041937133256
ruf50-609,967.0,769.687,3000,1660.687,6.133014267137546,1.1976004944039094
ruf50-866,1000.0,263.718,3000,263.718,5.2667317983472435,0.6765276249663186
ruf50-795,414.0,2206.44,3000,18028.44,7.379633631744645,1.0872277474575087
ruf50-356,1000.0,319.152,3000,319.152,5.449895558297866,0.6718328078111482
ruf50-28,1000.0,491.342,3000,491.342,5.827062403111768,0.8282143128401478
ruf50-542,970.0,866.112,3000,1676.112,6.279585081399937,1.209835306708824
ruf50-965,999.0,360.665,3000,387.665,5.422516688676931,0.9677902694514643
ruf50-572,1000.0,288.018,3000,288.018,5.34303434178055,0.652069346080916
ruf50-107,1000.0,262.668,3000,262.668,5.193405893676123,0.7927540553762737
ruf50-518,999.0,353.674,3000,380.674,5.295406358967683,1.2006407356615314
ruf50-289,986.0,731.249,3000,1109.249,6.165098936861087,0.9870752680540196
ruf50-365,993.0,571.972,3000,760.972,5.94997730871997,0.8554725338089154
ruf50-239,1000.0,278.758,3000,278.758,5.227988821664188,0.8268906461995603
ruf50-841,991.0,634.453,3000,877.453,6.008470998750428,1.032799057803177
ruf50-997,978.0,856.052,3000,1450.052,6.376659083800478,0.8784974130434474
ruf50-700,818.0,1373.46,3000,6287.46,6.772477776476116,1.2644511420517899
ruf50-920,1000.0,137.655,3000,137.655,4.648566490228685,0.5525619146163671
ruf50-695,914.0,1166.323,3000,3488.323,6.636975357892621,1.1011129025035513
ruf50-283,987.0,651.869,3000,1002.869,6.007344789924273,1.1323999534136735
ruf50-192,1000.0,221.022,3000,221.022,4.993537928505697,0.7502422822735373
ruf50-780,1000.0,240.661,3000,240.661,5.156415760310298,0.674164674835923
ruf50-865,1000.0,237.309,3000,237.309,5.065407035691649,0.8404621605722926
ruf50-952,1000.0,188.73,3000,188.73,4.897548022089646,0.6769674875167826
ruf50-427,1000.0,197.551,3000,197.551,4.863409610907193,0.8701534615983427
ruf50-77,1000.0,303.436,3000,303.436,5.366610757469556,0.7405476232037217
ruf50-517,884.0,1190.248,3000,4322.248,6.601630522604858,1.277696961187342
ruf50-41,960.0,883.536,3000,1963.536,6.323366919125809,1.1308324418058924
ruf50-82,1000.0,351.512,3000,351.512,5.334886987197658,1.1254987693240255
ruf50-439,991.0,618.835,3000,861.835,5.999173070991413,0.9214690190713047
ruf50-611,968.0,917.816,3000,1781.816,6.4464425759129025,0.8787709908325957
ruf50-659,994.0,567.945,3000,729.945,5.87609151009558,1.0343731887244392
ruf50-361,999.0,401.923,3000,428.923,5.548796529723387,0.9237135708881207
ruf50-222,976.0,601.442,3000,1249.442,5.813982940791868,1.274923120580555
ruf50-482,995.0,596.219,3000,731.219,5.857773402349061,1.2653404757815827
ruf50-671,1000.0,309.763,3000,309.763,5.44444874903802,0.6293089280630603
ruf50-338,366.0,2307.84,3000,19425.84,7.457712142382485,1.0210881561044516
ruf50-530,688.0,1603.766,3000,10027.766,6.850058039312565,1.6351971905111053
ruf50-869,1000.0,225.906,3000,225.906,5.03069011840377,0.8306777600320483
ruf50-341,953.0,973.013,3000,2242.013,6.349331299476383,1.3996165054691445
ruf50-385,798.0,1383.394,3000,6837.394,6.667662903043534,1.6252543380514248
ruf50-240,998.0,416.267,3000,470.267,5.630143068216532,0.8377759079882278
ruf50-481,1000.0,125.844,3000,125.844,4.5756388233072895,0.5188960199245224
ruf50-606,1000.0,415.825,3000,415.825,5.665551565224105,0.7776002681617827
ruf50-329,1000.0,379.572,3000,379.572,5.597704066943575,0.7391195108558971
ruf50-300,1000.0,183.643,3000,183.643,4.9305932454293,0.5824572044513471
ruf50-938,1000.0,88.062,3000,88.062,4.243887378815548,0.4635107679946932
ruf50-377,1000.0,192.787,3000,192.787,4.888784276733313,0.7416769876796819
ruf50-864,998.0,413.528,3000,467.528,5.543811738960569,1.0515492866791527
ruf50-369,903.0,1209.623,3000,3828.623,6.7264798112672635,0.9335057109664352
ruf50-247,998.0,478.206,3000,532.206,5.7081139068678075,1.0067808272125076
ruf50-442,1000.0,199.718,3000,199.718,5.005359094330776,0.606656286580869
ruf50-253,1000.0,256.18,3000,256.18,5.203155995447411,0.7230238386647119
ruf50-585,1000.0,144.532,3000,144.532,4.73369128530666,0.4913501509487624
ruf50-317,481.0,2095.051,3000,16108.051,7.276615630986781,1.2809334961304637
ruf50-477,1000.0,235.255,3000,235.255,5.064360685792183,0.8235236689906995
ruf50-761,971.0,802.129,3000,1585.129,6.1959231701048365,1.189544415687992
ruf50-357,992.0,523.69,3000,739.69,5.736743185400034,1.1461789050995677
ruf50-155,987.0,618.873,3000,969.873,5.866240085413325,1.3016643204378953
ruf50-848,979.0,792.996,3000,1359.996,6.302631227885005,0.8717874774658433
ruf50-142,999.0,379.45,3000,406.45,5.580027706601273,0.7939246718937469
ruf50-454,999.0,304.641,3000,331.641,5.244188859939947,1.0249010823325702
ruf50-783,1000.0,191.94,3000,191.94,4.8505716360408195,0.8440418032418756
ruf50-320,1000.0,323.831,3000,323.831,5.4244771031748895,0.7555315199235144
ruf50-123,694.0,1656.328,3000,9918.328,6.947602773382945,1.3911788452055902
ruf50-148,1000.0,369.891,3000,369.891,5.509320157234232,0.8562062673654371
ruf50-414,753.0,1668.084,3000,8337.084,7.08780042685307,0.9294182558702818
ruf50-398,827.0,1170.133,3000,5841.133,6.36924271993468,1.8198707669334275
ruf50-624,1000.0,254.314,3000,254.314,5.0846408422040135,0.8928295570061991
ruf50-963,780.0,1577.87,3000,7517.87,7.010417630619005,0.9820968209550212
ruf50-209,1000.0,224.973,3000,224.973,5.0887474210407015,0.6773911998306043
ruf50-627,1000.0,199.554,3000,199.554,4.9754892035927085,0.6426743388291513
ruf50-221,1000.0,184.567,3000,184.567,4.9207904661670225,0.6205888478884997
ruf50-193,1000.0,322.704,3000,322.704,5.445399678737344,0.7241074296656269
ruf50-294,975.0,732.243,3000,1407.243,6.090202771960858,1.2295170340640378
ruf50-505,1000.0,391.988,3000,391.988,5.715433866379318,0.556001438899707
ruf50-220,994.0,642.636,3000,804.636,6.041927334964241,0.980250479969987
ruf50-540,979.0,719.631,3000,1286.631,6.132335970317872,1.0401168565704835
ruf50-297,944.0,1004.967,3000,2516.967,6.3815855893272495,1.4135578322668565
ruf50-786,849.0,1263.149,3000,5340.149,6.589339190947217,1.5031134226060594
ruf50-429,1000.0,114.822,3000,114.822,4.511127864935192,0.45202213947126285
ruf50-548,994.0,568.733,3000,730.733,5.846918436158439,1.1249473354058235
ruf50-620,896.0,1254.616,3000,4062.616,6.765654467798806,0.9555737866636692
ruf50-831,988.0,625.718,3000,949.718,5.8778944552838714,1.287261249107341
ruf50-696,1000.0,240.376,3000,240.376,5.110753121255732,0.7621230708448166
ruf50-243,1000.0,170.201,3000,170.201,4.8223738384391766,0.6300880047001705
ruf50-411,999.0,382.513,3000,409.513,5.438266784856956,1.1118540513134196
ruf50-767,1000.0,263.252,3000,263.252,5.157809748969712,0.8238903951583708
ruf50-601,973.0,803.914,3000,1532.914,6.252145481782491,1.0675259510108703
ruf50-325,878.0,1188.15,3000,4482.15,6.543832775215357,1.4556283464498874
ruf50-531,1000.0,243.463,3000,243.463,5.111837098503654,0.78713430500098
ruf50-31,1000.0,308.069,3000,308.069,5.311179087721749,0.9028870336237835
ruf50-185,835.0,1322.605,3000,5777.605,6.708334111239714,1.294255033985275
ruf50-177,953.0,743.132,3000,2012.132,5.893368718610611,1.678192707779702
ruf50-811,716.0,1645.877,3000,9313.877,6.95020696198111,1.3834563177958645
ruf50-5,823.0,1433.255,3000,6212.255,6.862831452513108,1.1398679184659253
ruf50-593,1000.0,210.96,3000,210.96,4.937725547400418,0.8268745799096979
ruf50-573,1000.0,112.324,3000,112.324,4.462456357156228,0.5059004380963581
ruf50-773,1000.0,172.907,3000,172.907,4.82104639023097,0.6614713309463932
ruf50-889,699.0,1758.987,3000,9885.987,7.1005424753281075,1.1664716057284052
ruf50-897,985.0,795.409,3000,1200.409,6.246111087949882,1.051908676680549
ruf50-637,996.0,553.435,3000,661.435,5.878869681003466,0.9784782921585958
ruf50-554,999.0,429.131,3000,456.131,5.529892025040529,1.1800770622966965
ruf50-979,808.0,1248.426,3000,6432.426,6.5089351833448355,1.6488742354982864
ruf50-704,1000.0,341.371,3000,341.371,5.447239140607933,0.8289814767025757
ruf50-78,909.0,1140.666,3000,3597.666,6.5916548481848185,1.1789825614243958
ruf50-733,1000.0,293.971,3000,293.971,5.347098620973081,0.7084866347043258
ruf50-808,973.0,675.388,3000,1404.388,5.97944145900102,1.1945615243773058
ruf50-721,1000.0,433.237,3000,433.237,5.650403444733129,0.9293672517061792
ruf50-949,965.0,843.029,3000,1788.029,6.3213774832960405,0.9674913941219087
ruf50-538,853.0,1385.075,3000,5354.075,6.8510555101418875,1.0615897233024418
ruf50-727,999.0,392.105,3000,419.105,5.580283035865826,0.8909005093251163
ruf50-131,1000.0,221.705,3000,221.705,5.112232377659042,0.5993136176093657
ruf50-703,1000.0,190.24,3000,190.24,4.884260580496487,0.7150167125557902
ruf50-133,594.0,1940.857,3000,12902.857,7.229568387337698,1.1152632442508015
ruf50-739,1000.0,292.722,3000,292.722,5.288654720690675,0.8233984386272226
ruf50-956,486.0,2154.758,3000,16032.758,7.382535793885341,1.0060018816476113
ruf50-644,1000.0,277.368,3000,277.368,5.298956006358652,0.6874457039042662
ruf50-569,872.0,1195.804,3000,4651.804,6.620113807872914,1.1859187844673216
ruf50-850,939.0,898.659,3000,2545.659,6.225024855924616,1.381941985954882
ruf50-363,1000.0,180.467,3000,180.467,4.913037647313157,0.5783149031456651
ruf50-16,1000.0,235.298,3000,235.298,5.144668188037264,0.6701678049238248
ruf50-23,940.0,1009.543,3000,2629.543,6.416557708563942,1.3060566965834748
ruf50-614,1000.0,279.425,3000,279.425,5.268569726473021,0.7676750562239195
ruf50-345,820.0,1362.053,3000,6222.053,6.709582626780501,1.4623142007459946
ruf50-876,988.0,754.546,3000,1078.546,6.281223384548787,0.8028236770215849
ruf50-132,999.0,453.697,3000,480.697,5.768271879532346,0.7475609868771163
ruf50-340,1000.0,173.662,3000,173.662,4.849331003092817,0.6266927296049581
ruf50-539,1000.0,310.412,3000,310.412,5.363456475160623,0.8057064117324835
ruf50-937,965.0,921.477,3000,1866.477,6.4603524871197395,0.8526029119440954
ruf50-55,1000.0,219.535,3000,219.535,5.08251284245747,0.6345233638327814
ruf50-277,1000.0,172.2,3000,172.2,4.808043905613425,0.6785078620868176
ruf50-708,1000.0,526.108,3000,526.108,5.89818168086779,0.8389871146158997
ruf50-479,903.0,1057.242,3000,3676.242,6.495910426752502,1.1476263445183628
ruf50-87,981.0,561.721,3000,1074.721,5.687489937941361,1.3808178044148132
ruf50-334,1000.0,217.969,3000,217.969,5.011696027281628,0.7637785122438352
ruf50-623,1000.0,282.705,3000,282.705,5.3504686648666775,0.617222193358062
ruf50-871,915.0,1100.821,3000,3395.821,6.561015436797036,1.1357797330601032
ruf50-261,1000.0,248.949,3000,248.949,5.229657014084272,0.5833107946926988
ruf50-396,999.0,410.028,3000,437.028,5.569421347272106,0.9047443571178627
ruf50-333,999.0,327.292,3000,354.292,5.391278608477244,0.8032178237862098
ruf50-896,999.0,410.703,3000,437.703,5.629783914238875,0.8551498431069432
ruf50-474,996.0,560.041,3000,668.041,5.9110216150269075,0.9314289047790375
ruf50-400,1000.0,115.424,3000,115.424,4.541244263327584,0.41872003767264065
ruf50-915,911.0,1139.655,3000,3542.655,6.661608449909165,0.9100629267219315
ruf50-186,1000.0,185.836,3000,185.836,4.883910670151964,0.6859412834552712
ruf50-904,949.0,840.443,3000,2217.443,6.120070648701888,1.463538570699518
ruf50-852,1000.0,176.497,3000,176.497,4.863774031383461,0.6101112584031874
ruf50-523,1000.0,192.61,3000,192.61,4.933596084499114,0.6774995659036034
ruf50-630,1000.0,112.477,3000,112.477,4.477507826913852,0.48512232820516404
ruf50-100,1000.0,203.589,3000,203.589,4.929581703432882,0.7815630533933176
ruf50-964,973.0,829.609,3000,1558.609,6.237320051259909,1.1633640595422243
ruf50-316,1000.0,370.541,3000,370.541,5.561908172257185,0.7729075269298218
ruf50-798,1000.0,150.978,3000,150.978,4.727886430124655,0.5701174914110854
ruf50-278,1000.0,108.188,3000,108.188,4.430740840544111,0.49503829829105267
ruf50-784,945.0,1031.105,3000,2516.105,6.547125789370943,0.9576140873270276
ruf50-681,1000.0,292.416,3000,292.416,5.355228476348892,0.6958218668542505
ruf50-256,1000.0,147.657,3000,147.657,4.7216071653969145,0.5697703229168491
ruf50-154,1000.0,125.605,3000,125.605,4.488122861813711,0.6424932121549136
ruf50-251,927.0,966.702,3000,2937.702,6.356409739892876,1.2351817135147218
ruf50-764,980.0,605.483,3000,1145.483,5.949740996256733,0.9796807292899317
ruf50-183,1000.0,329.319,3000,329.319,5.340290337295348,0.9345538971279563
ruf50-600,1000.0,248.796,3000,248.796,5.229100819424421,0.5966681305275434
ruf50-137,1000.0,285.344,3000,285.344,5.211149802786347,0.9096900884363315
ruf50-406,972.0,824.883,3000,1580.883,6.2318073383749795,1.1458534942742278
ruf50-407,1000.0,503.072,3000,503.072,5.8985326214443266,0.7484014888884551
ruf50-654,1000.0,339.171,3000,339.171,5.427999853840832,0.8608926681669832
ruf50-790,1000.0,392.406,3000,392.406,5.573855422897471,0.8829120403134961
ruf50-25,999.0,420.363,3000,447.363,5.689768271491703,0.7197455098147041
ruf50-139,1000.0,139.552,3000,139.552,4.679976036980303,0.5287758787796365
ruf50-229,1000.0,226.537,3000,226.537,5.0403762478006255,0.791035779746527
ruf50-135,998.0,348.27,3000,402.27,5.321281795447715,1.046256929318047
ruf50-832,1000.0,306.861,3000,306.861,5.208616918553876,1.0949687828913082
ruf50-812,793.0,1445.872,3000,7034.872,6.835351059044885,1.2153187178350786
ruf50-578,1000.0,128.615,3000,128.615,4.62897756967183,0.4590702998961417
ruf50-802,1000.0,94.279,3000,94.279,4.321446677536924,0.4428440836017607
ruf50-271,1000.0,379.716,3000,379.716,5.536858692995498,0.8408514854877109
ruf50-394,1000.0,154.858,3000,154.858,4.756647264553254,0.5958718123244725
ruf50-507,1000.0,408.041,3000,408.041,5.676501847820864,0.7496010307124219
ruf50-15,997.0,596.418,3000,677.418,5.954510952372029,1.004263342029338
ruf50-203,984.0,751.547,3000,1183.547,6.17360056301607,1.0561243479507696
ruf50-29,1000.0,184.37,3000,184.37,4.907302705048233,0.6269566070178665
ruf50-50,1000.0,218.32,3000,218.32,4.999612677190745,0.7740681473801467
ruf50-86,999.0,305.591,3000,332.591,5.336928898981696,0.8003825627862778
ruf50-801,981.0,727.034,3000,1240.034,6.045721391398325,1.2924728555601142
ruf50-104,937.0,849.603,3000,2550.603,6.0515498368660605,1.6747625325058237
ruf50-744,998.0,252.325,3000,306.325,4.943768068490898,1.0482725770864425
ruf50-774,1000.0,505.517,3000,505.517,5.897138093722086,0.7183736123594018
ruf50-919,1000.0,250.365,3000,250.365,5.155962031906172,0.7730650348824936
ruf50-898,1000.0,146.219,3000,146.219,4.731609942470861,0.5072861129973595
ruf50-989,1000.0,350.845,3000,350.845,5.516626389630065,0.7363813588896994
ruf50-364,1000.0,264.042,3000,264.042,5.225117397852356,0.7394424458959817
ruf50-258,999.0,310.933,3000,337.933,5.307320817525924,0.8540272809652604
ruf50-875,1000.0,257.726,3000,257.726,5.116302216758573,0.9099093957056802
ruf50-824,992.0,584.276,3000,800.276,5.809158956294401,1.2696311498004416
ruf50-187,770.0,1520.071,3000,7730.071,6.896834630785251,1.245932438982103
ruf50-594,991.0,509.269,3000,752.269,5.739382994946967,1.0718356242002185
ruf50-746,1000.0,130.544,3000,130.544,4.665880863914769,0.4336099314101077
ruf50-829,1000.0,237.03,3000,237.03,5.130436378442429,0.6800959966266782
ruf50-960,1000.0,81.929,3000,81.929,4.21275035218492,0.3807194581533445
ruf50-757,970.0,805.073,3000,1615.073,6.182357960090486,1.2066976467163513
ruf50-144,999.0,538.028,3000,565.028,5.96575165501152,0.6988251997644473
ruf50-694,1000.0,257.416,3000,257.416,5.270866767278791,0.5981139459963337
ruf50-847,1000.0,330.223,3000,330.223,5.404462598523429,0.8701974569317595
ruf50-296,1000.0,171.169,3000,171.169,4.885322229891313,0.5268566682600994
ruf50-238,972.0,788.989,3000,1544.989,6.134677763813322,1.2886035965426264
ruf50-279,1000.0,233.116,3000,233.116,5.1702846292245335,0.623024918393284
ruf50-909,1000.0,205.653,3000,205.653,5.013121057210046,0.6496351471277393
ruf50-490,1000.0,298.737,3000,298.737,5.416459282153423,0.6132755232702859
ruf50-40,1000.0,120.185,3000,120.185,4.525920736148506,0.5160452801170277
ruf50-497,996.0,530.024,3000,638.024,5.864216243028307,0.8966236256721872
ruf50-93,997.0,616.545,3000,697.545,5.983527435176779,0.9993610892433487
ruf50-129,962.0,851.856,3000,1877.856,6.295780409719872,1.0871052524929445
ruf50-551,1000.0,291.577,3000,291.577,5.311752619532657,0.7703380221248489
ruf50-430,1000.0,296.39,3000,296.39,5.233830001213346,0.9696908105124624
ruf50-149,956.0,826.199,3000,2014.199,6.116571772311552,1.4160487163164017
ruf50-112,1000.0,439.8,3000,439.8,5.731710141317822,0.7692483390280185
ruf50-725,994.0,612.218,3000,774.218,6.029073882647323,0.8637352044558203
ruf50-789,466.0,2225.355,3000,16643.355,7.456519369361146,0.8537204048572116
ruf50-228,902.0,1134.772,3000,3780.772,6.5365050442871615,1.3391557319519147
ruf50-61,990.0,727.892,3000,997.892,6.176577302493873,0.9851054566238675
ruf50-447,616.0,1887.245,3000,12255.245,7.202260854642957,1.0515544379999955
ruf50-933,944.0,1014.561,3000,2526.561,6.519150924171291,0.9745224357245053
ruf50-799,1000.0,336.335,3000,336.335,5.497897721606168,0.7069551482328418
ruf50-820,1000.0,245.293,3000,245.293,5.133805776111696,0.7480972684645895
ruf50-787,968.0,730.729,3000,1594.729,6.021557986928683,1.3242518241357066
ruf50-559,1000.0,353.246,3000,353.246,5.533604457310574,0.7285972647049267
ruf50-692,992.0,725.808,3000,941.808,6.221778471243821,0.8594791688213772
ruf50-826,1000.0,242.61,3000,242.61,5.060526633349934,0.8364022129957791
ruf50-290,998.0,606.377,3000,660.377,6.003567399144783,0.9234999739659913
ruf50-330,937.0,937.787,3000,2638.787,6.332966861687658,1.245381802733593
ruf50-502,992.0,560.125,3000,776.125,5.8763924172231174,0.9944340111601373
ruf50-506,1000.0,108.518,3000,108.518,4.479739763237152,0.4203632972205447
ruf50-99,1000.0,223.477,3000,223.477,5.088442245093905,0.683687524424918
ruf50-491,962.0,891.621,3000,1917.621,6.3216528974040465,1.1488455266475415
ruf50-706,944.0,932.758,3000,2444.758,6.2323374349932195,1.5537399014747566
ruf50-962,1000.0,102.316,3000,102.316,4.403833688016266,0.4500882754069284
ruf50-89,1000.0,116.356,3000,116.356,4.514162332687354,0.478287588603904
ruf50-987,1000.0,329.964,3000,329.964,5.428670645738862,0.7838017775500027
ruf50-527,809.0,1411.487,3000,6568.487,6.775413590858992,1.382923542906494
ruf50-46,982.0,678.194,3000,1164.194,6.023727254025288,1.0996458313591944
ruf50-807,1000.0,371.629,3000,371.629,5.5601358672461965,0.7439809630445883
ruf50-76,960.0,740.646,3000,1820.646,6.042220224510221,1.2414347021100272
ruf50-836,1000.0,450.36,3000,450.36,5.81612662383829,0.6151788489273782
ruf50-863,1000.0,180.871,3000,180.871,4.852370671421092,0.6648974667381907
ruf50-60,1000.0,253.24,3000,253.24,5.125076514898379,0.8772375801316983
ruf50-210,239.0,2563.719,3000,23110.719,7.651483853036011,0.7823578512991864
ruf50-957,983.0,796.153,3000,1255.153,6.264876259069528,0.9882633057498486
ruf50-856,986.0,647.367,3000,1025.367,5.978242131092058,1.1398013568789604
ruf50-270,1000.0,285.974,3000,285.974,5.30905735107858,0.7092610702410774
ruf50-926,705.0,1604.591,3000,9569.591,6.886486277439876,1.468914632100073
ruf50-851,976.0,649.444,3000,1297.444,5.852375858579875,1.4303405774913076
ruf50-58,981.0,805.337,3000,1318.337,6.295041769258752,0.9607465487332056
ruf50-307,990.0,516.622,3000,786.622,5.695506376442422,1.149839508544408
ruf50-629,887.0,1191.848,3000,4242.848,6.6206045983704644,1.2353764241244376
ruf50-362,1000.0,288.892,3000,288.892,5.340758187381421,0.7011444523453905
ruf50-11,1000.0,473.526,3000,473.526,5.786851664431875,0.8259238871848779
ruf50-273,905.0,1132.198,3000,3697.198,6.579767104156053,1.1269124670310005
ruf50-59,1000.0,311.964,3000,311.964,5.356460697040665,0.7865162060769654
ruf50-422,1000.0,105.915,3000,105.915,4.408181416732333,0.49210777926445115
ruf50-878,982.0,756.273,3000,1242.273,6.172417653866082,1.107379967547138
ruf50-428,1000.0,437.316,3000,437.316,5.746347293961696,0.7256620140417376
ruf50-707,1000.0,312.681,3000,312.681,5.320176249806649,0.8219734186675842
ruf50-201,994.0,626.511,3000,788.511,6.054532224239089,0.89752851957965
ruf50-122,1000.0,166.576,3000,166.576,4.804356099915826,0.6329094297701024
ruf50-73,1000.0,406.433,3000,406.433,5.564208823882624,0.9577696063794239
ruf50-749,887.0,1247.083,3000,4298.083,6.681739507280665,1.2166760703811366
ruf50-119,995.0,582.6,3000,717.6,5.998241848085756,0.8195358279279377
ruf50-698,1000.0,205.26,3000,205.26,5.077908517867785,0.5152941199812493
ruf50-977,993.0,651.149,3000,840.149,6.087511742946531,0.8955618138268427
ruf50-968,612.0,1747.56,3000,12223.56,6.984110996145707,1.462931756246748
ruf50-597,1000.0,378.782,3000,378.782,5.522552026803905,0.8933407062687009
ruf50-560,1000.0,112.075,3000,112.075,4.468063036807579,0.4867629757192449
ruf50-451,964.0,919.542,3000,1891.542,6.415213921108778,0.9940086977706682
ruf50-97,993.0,613.264,3000,802.264,5.954591518816025,1.0799711187554542
ruf50-248,1000.0,252.498,3000,252.498,5.205331047463761,0.6896796235516623
ruf50-990,991.0,682.34,3000,925.34,6.037585250144804,1.1727244608624374
ruf50-232,1000.0,358.667,3000,358.667,5.496150189184019,0.8547965007794112
ruf50-352,1000.0,353.814,3000,353.814,5.419123962318803,0.9818506209519846
ruf50-43,938.0,1013.998,3000,2687.998,6.410760821595615,1.3302786328756648
ruf50-628,965.0,854.021,3000,1799.021,6.331236730063948,0.9772137196846125
ruf50-457,1000.0,166.465,3000,166.465,4.757187914165735,0.6599270109442094
ruf50-438,998.0,444.371,3000,498.371,5.700848244799532,0.8474884033471713
ruf50-885,987.0,624.863,3000,975.863,5.869809944762554,1.311108945464181
ruf50-819,519.0,2070.145,3000,15057.145,7.311653947349088,1.0735253038071848
ruf50-499,999.0,422.309,3000,449.309,5.65702812039627,0.8625805756230699
ruf50-894,867.0,1166.561,3000,4757.561,6.547412962980888,1.3360229064399263
ruf50-348,791.0,1478.677,3000,7121.677,6.868775333288541,1.2128637871242638
ruf50-643,1000.0,251.706,3000,251.706,5.2035545881284815,0.6768596164616402
ruf50-931,999.0,434.213,3000,461.213,5.697727982056646,0.818859735778228
ruf50-395,814.0,1473.532,3000,6495.532,6.910041724500046,1.0682283988524444
ruf50-657,999.0,359.91,3000,386.91,5.450876342932511,0.9523904318574743
ruf50-441,995.0,549.2,3000,684.2,5.919265507384035,0.8875795807729868
ruf50-332,966.0,630.278,3000,1548.278,5.723332869341066,1.5982839459227816
ruf50-648,1000.0,281.596,3000,281.596,5.219627425073437,0.8227968257017872
ruf50-350,1000.0,449.878,3000,449.878,5.648321780886411,1.0133550799722664
ruf50-475,1000.0,209.758,3000,209.758,5.010234407272282,0.7011877880675627
ruf50-276,999.0,431.66,3000,458.66,5.682236745872241,0.8364741485197961
ruf50-775,996.0,697.228,3000,805.228,6.151736434942898,0.9349695622983465
ruf50-79,996.0,619.569,3000,727.569,6.052582644623855,0.8559274129728689
ruf50-513,1000.0,122.52,3000,122.52,4.563940469667366,0.47752121874048875
ruf50-298,979.0,643.422,3000,1210.422,5.8269770164949515,1.4832006882932627
ruf50-38,946.0,926.927,3000,2384.927,6.346824819132277,1.162382482016919
ruf50-367,1000.0,166.576,3000,166.576,4.872544891891062,0.5032179138642328
