inst;succ A;succ B;of;steps A;steps B;awg fined A;awg fined B;mu A;sig^2 A;mu B;sig^2 B;xing;winner
uf20-01000;822;918;1000;230.993;190.995;1031.99;559.995;3.85804;1.58829;4.32123;1.04156;39;B
uf20-0100;988;1000;1000;91.853;86.588;145.853;86.588;3.93473;1.08624;4.13094;0.726254;89;B
uf20-0101;992;994;1000;92.46;117.984;128.46;144.984;3.95602;1.12704;4.36121;0.856696;475;B
uf20-0102;704;936;1000;276.564;177.212;1608.56;465.212;3.31514;2.39103;4.37982;0.933089;41;B
uf20-0103;870;844;1000;215.387;223.64;800.387;925.64;4.08442;1.40465;4.02724;1.2726;177;A
uf20-0104;931;981;1000;99.039;92.511;409.539;178.011;3.0673;1.62562;3.70191;1.34573;136;B
uf20-0105;835;767;1000;206.604;251.818;949.104;1300.32;3.74726;1.549;3.65328;1.76877;3;A
uf20-0106;645;830;1000;284.976;239.437;1882.48;1004.44;2.97227;2.57002;4.06346;1.28848;116;B
uf20-0107;963;936;1000;135.998;164.579;302.498;452.579;4.1808;1.08634;4.29163;0.905676;4;A
uf20-0108;994;995;1000;89.984;102.12;116.984;124.62;3.92733;1.19477;4.19194;0.903073;490;B
uf20-0109;890;953;1000;202.645;160.117;697.645;371.617;4.1666;1.27858;4.36735;0.958581;29;B
uf20-010;981;998;1000;94.765;80.484;180.265;89.484;3.69087;1.49491;3.92241;0.974648;81;B
uf20-0110;1000;1000;1000;26.266;31.916;26.266;31.916;2.8131;0.783323;3.18184;0.601703;77;B
uf20-0111;999;1000;1000;53.107;54.956;57.607;54.956;3.49992;0.994953;3.67426;0.711017;280;B
uf20-0112;901;935;1000;158.543;176.444;604.043;468.944;3.75121;1.57527;4.30804;1.1222;327;B
uf20-0113;798;816;1000;227.793;227.04;1136.79;1055.04;3.61308;1.80539;3.8117;1.51545;165;B
uf20-0114;995;999;1000;69.732;63.104;92.232;67.604;3.64048;1.1559;3.72062;0.87862;64;B
uf20-0115;939;989;1000;137.448;109.483;411.948;158.983;3.84908;1.5177;4.13348;1.15362;72;B
uf20-0116;917;989;1000;134.082;124.361;507.582;173.861;3.65366;1.38701;4.30383;1.01953;172;B
uf20-0117;864;921;1000;210.888;180.112;822.888;535.612;4.04852;1.32995;4.24047;1.09074;19;B
uf20-0118;1000;1000;1000;29.741;35.995;29.741;35.995;2.94137;0.787185;3.28087;0.618141;88;B
uf20-0119;509;694;1000;322.688;281.204;2532.19;1658.2;2.20258;3.21189;3.31826;2.30464;106;B
uf20-011;1000;1000;1000;42.244;48.049;42.244;48.049;3.21476;0.9677;3.51499;0.778527;118;B
uf20-0120;932;992;1000;131.164;95.958;437.164;131.958;3.71978;1.52448;4.01387;1.13869;56;B
uf20-0121;993;998;1000;76.606;75.338;108.106;84.338;3.65716;1.26762;3.8519;0.976037;128;B
uf20-0122;682;929;1000;264.037;158.519;1695.04;478.019;3.03999;2.43514;4.13794;1.05094;34;B
uf20-0123;733;869;1000;206.623;201.086;1408.12;790.586;2.86656;1.80473;3.98644;1.3196;222;B
uf20-0124;1000;1000;1000;29.344;30.542;29.344;30.542;2.89386;0.888129;3.07329;0.691705;46;B
uf20-0125;1000;1000;1000;40.277;33.335;40.277;33.335;3.2732;0.846726;3.25314;0.516799;26;B
uf20-0126;874;956;1000;174.831;156.017;741.831;354.017;3.68027;1.6009;4.26;1.21475;162;B
uf20-0127;1000;1000;1000;32.322;42.302;32.322;42.302;3.04039;0.808823;3.40745;0.697708;311;B
uf20-0128;960;998;1000;97.562;85.532;277.562;94.532;3.7134;1.10775;4.06412;0.81736;102;B
uf20-0129;929;988;1000;147.534;101.304;467.034;155.304;3.85299;1.60134;4.00025;1.13324;27;B
uf20-012;1000;1000;1000;27.5;23.287;27.5;23.287;2.83746;0.821194;2.90035;0.484912;30;B
uf20-0130;994;1000;1000;92.625;85.93;119.625;85.93;3.92026;1.22125;4.07025;0.856497;101;B
uf20-0131;1000;1000;1000;19.679;22.228;19.679;22.228;2.61242;0.662688;2.81947;0.531611;151;A
uf20-0132;901;945;1000;181.999;180.253;627.499;427.753;4.07482;1.24123;4.4604;0.926782;210;B
uf20-0133;926;990;1000;140.257;85.882;473.257;130.882;3.78446;1.45996;3.91999;0.93253;28;B
uf20-0134;1000;1000;1000;46.083;43.804;46.083;43.804;3.35751;0.917589;3.44686;0.661816;62;B
uf20-0135;883;718;1000;188.023;273.04;714.523;1542.04;3.92209;1.4765;3.46005;2.08694;3;A
uf20-0136;754;860;1000;236.285;212.296;1343.29;842.296;3.23023;2.30331;3.97551;1.46774;124;B
uf20-0137;1000;1000;1000;32.479;33.936;32.479;33.936;2.91237;0.981181;3.1481;0.722806;74;B
uf20-0138;811;868;1000;213.4;198.251;1063.9;792.251;3.5479;1.84612;3.93051;1.39104;85;B
uf20-0139;988;996;1000;85.501;83.415;139.501;101.415;3.65872;1.46408;3.88456;1.09347;101;B
uf20-013;792;941;1000;190.662;138.688;1126.66;404.188;3.20564;1.72439;4.01642;1.12383;69;B
uf20-0140;891;987;1000;138.067;107.958;628.567;166.458;3.37545;1.57965;4.10351;1.05682;109;B
uf20-0141;798;841;1000;217.596;209.056;1126.6;924.556;3.54115;1.77145;3.86136;1.37158;174;B
uf20-0142;999;1000;1000;50.878;62.624;55.378;62.624;3.37828;1.08931;3.75893;0.813808;318;B
uf20-0143;1000;1000;1000;23.482;31.139;23.482;31.139;2.81053;0.649783;3.1503;0.593188;148;B
uf20-0144;990;1000;1000;61.827;57.367;106.827;57.367;3.24036;1.43613;3.60819;0.971937;96;B
uf20-0145;991;996;1000;99.566;88.853;140.066;106.853;4.01737;1.18761;4.03605;0.907049;46;B
uf20-0146;955;996;1000;102.867;81.239;305.367;99.239;3.61825;1.2763;3.90398;0.931605;82;B
uf20-0147;818;816;1000;207.577;251.567;1026.58;1079.57;3.59886;1.67787;3.99681;1.51785;498;A
uf20-0148;993;992;1000;75.78;88.719;107.28;124.719;3.75213;1.04977;4.00382;0.90912;357;B
uf20-0149;912;970;1000;140.404;122.471;536.404;257.471;3.62949;1.54974;4.0312;1.24754;102;B
uf20-014;944;939;1000;140.41;161.837;392.41;436.337;3.96904;1.36776;4.17632;1.2243;3;A
uf20-0150;975;999;1000;93.757;68.516;206.257;73.016;3.62485;1.44958;3.8017;0.871045;64;B
uf20-0151;998;997;1000;51.786;81.533;60.786;95.033;3.46807;0.912563;3.9799;0.837921;487;=
uf20-0152;1000;1000;1000;44.403;39.731;44.403;39.731;3.3686;0.863558;3.37496;0.638059;39;B
uf20-0153;1000;1000;1000;26.681;29.602;26.681;29.602;2.90904;0.705753;3.09593;0.580231;159;B
uf20-0154;959;935;1000;135.686;170.571;320.186;463.071;4.08978;1.2402;4.33006;0.906676;5;A
uf20-0155;1000;1000;1000;41.92;42.856;41.92;42.856;3.29215;0.915735;3.40735;0.729362;213;B
uf20-0156;986;986;1000;82.372;104.193;145.372;167.193;3.58483;1.49271;4.03372;1.12638;431;A
uf20-0157;965;960;1000;129.017;145.74;286.517;325.74;4.09833;1.24593;4.25244;1.06454;2;A
uf20-0158;979;996;1000;100.697;86.706;195.197;104.706;3.84036;1.36312;4.00206;0.944847;77;B
uf20-0159;855;868;1000;203.385;200.959;855.885;794.959;3.79567;1.73675;3.93335;1.47872;341;B
uf20-015;990;996;1000;66.944;71.704;111.944;89.704;3.46864;1.25822;3.75881;0.96861;155;B
uf20-0160;621;841;1000;274.238;209.722;1979.74;925.222;2.6123;2.67313;3.81191;1.5416;64;B
uf20-0161;981;993;1000;101.952;106.161;187.452;137.661;3.87933;1.38643;4.23694;0.852978;149;B
uf20-0162;1000;1000;1000;31.619;36;31.619;36;3.01586;0.825201;3.29957;0.598501;69;B
uf20-0163;1000;1000;1000;43.706;68.682;43.706;68.682;3.31497;0.96276;3.82092;0.888709;1;A
uf20-0164;1000;1000;1000;25.118;25.67;25.118;25.67;2.88896;0.625598;2.99134;0.492475;55;B
uf20-0165;1000;1000;1000;46.077;58.964;46.077;58.964;3.3206;0.990372;3.62248;0.939427;419;A
uf20-0166;915;986;1000;173.436;115.878;555.936;178.878;4.0621;1.41141;4.22534;0.984207;32;B
uf20-0167;787;870;1000;229.116;211.92;1187.62;796.92;3.53746;1.86576;4.11678;1.21127;125;B
uf20-0168;987;999;1000;89.234;76.413;147.734;80.913;3.82856;1.20643;3.96366;0.777703;67;B
uf20-0169;999;999;1000;53.35;57.763;57.85;62.263;3.47946;1.00302;3.64879;0.841461;433;A
uf20-016;975;994;1000;105.863;107.964;218.363;134.964;3.88378;1.27903;4.19232;1.01265;158;B
uf20-0170;995;996;1000;81.003;98.61;103.503;116.61;3.80651;1.15168;4.13893;0.943926;489;=
uf20-0171;984;999;1000;93.78;65.548;165.78;70.048;3.75209;1.36449;3.7231;0.934188;37;B
uf20-0172;705;707;1000;257.089;278.126;1584.59;1596.63;3.16823;2.21789;3.43022;2.13147;425;B
uf20-0173;981;1000;1000;85.481;68.93;170.981;68.93;3.66702;1.27822;3.85663;0.792072;67;B
uf20-0174;992;995;1000;71.745;100.866;107.745;123.366;3.63652;1.14139;4.15923;0.913242;445;B
uf20-0175;917;996;1000;132.451;86.591;505.951;104.591;3.60149;1.42348;3.96801;1.00031;55;B
uf20-0176;680;682;1000;276.088;301.245;1716.09;1732.24;3.16352;2.41094;3.41133;2.35922;492;B
uf20-0177;773;927;1000;229.401;183.339;1250.9;511.839;3.43866;1.90131;4.35591;0.948268;104;B
uf20-0178;975;966;1000;117.746;151.605;230.246;304.605;4.01727;1.32726;4.36481;1.05039;4;A
uf20-0179;994;998;1000;86.338;77.645;113.338;86.645;3.8439;1.25264;3.96723;0.809595;71;B
uf20-017;991;996;1000;89.021;102.727;129.521;120.727;3.84719;1.24512;4.15538;1.02442;326;B
uf20-0180;784;939;1000;241.843;174.625;1213.84;449.125;3.61941;1.95782;4.34852;1.02633;46;B
uf20-0181;999;998;1000;57.028;66.319;61.528;75.319;3.53038;1.02226;3.78;0.829624;449;B
uf20-0182;999;1000;1000;57.429;53.712;61.929;53.712;3.59048;0.916908;3.66984;0.652731;65;B
uf20-0183;871;870;1000;197.535;207.993;778.035;792.993;3.91308;1.54124;4.059;1.33039;492;A
uf20-0184;966;997;1000;106.103;91.17;259.103;104.67;3.74968;1.40896;4.06476;0.981998;116;B
uf20-0185;790;826;1000;219.863;240.437;1164.86;1023.44;3.48312;1.82275;4.01311;1.38183;358;B
uf20-0186;999;999;1000;63.78;66.16;68.28;70.66;3.71808;0.911529;3.87249;0.6672;135;B
uf20-0187;997;999;1000;55.522;69.899;69.022;74.399;3.42195;1.12062;3.79589;0.945459;431;B
uf20-0188;925;996;1000;132.629;94.139;470.129;112.139;3.66631;1.46779;4.04311;1.06179;69;B
uf20-0189;992;1000;1000;63.11;69.389;99.11;69.389;3.50374;1.06762;3.88815;0.76458;142;B
uf20-018;688;886;1000;271.307;209.101;1675.31;722.101;3.18853;2.35207;4.1979;1.20009;40;B
uf20-0190;1000;1000;1000;39.601;52.833;39.601;52.833;3.17243;0.976806;3.57313;0.843119;337;A
uf20-0191;860;960;1000;196.796;160.562;826.796;340.562;3.77235;1.66013;4.40102;0.998651;93;B
uf20-0192;506;655;1000;343.464;299.054;2566.46;1851.55;2.40425;3.49432;3.19217;2.54505;50;B
uf20-0193;691;675;1000;266.53;294.059;1657.03;1756.56;3.08846;2.48885;3.28133;2.44528;4;A
uf20-0194;998;999;1000;65.826;63.594;74.826;68.094;3.53319;1.31101;3.69526;0.933744;64;B
uf20-0195;1000;1000;1000;32.575;41.139;32.575;41.139;3.04286;0.861443;3.386;0.698254;153;A
uf20-0196;983;995;1000;102.331;95.71;178.831;118.21;3.94476;1.21622;4.11927;0.919429;119;B
uf20-0197;933;764;1000;171.741;261.091;473.241;1323.09;4.19617;1.28884;3.71264;1.76187;2;A
uf20-0198;993;1000;1000;79.395;89.728;110.895;89.728;3.77264;1.15405;4.18598;0.69175;197;B
uf20-0199;999;998;1000;71.521;109.093;76.021;118.093;3.84035;0.939619;4.28181;0.932011;2;A
uf20-019;922;985;1000;135.112;123.361;486.112;190.861;3.76445;1.23907;4.27966;0.988966;167;B
uf20-01;999;994;1000;77.3;92.286;81.8;119.286;3.88573;1.05196;4.05924;0.966691;4;A
uf20-0200;976;983;1000;98.416;123.347;206.416;199.847;3.77776;1.324;4.30205;0.900034;299;B
uf20-0201;875;995;1000;183.732;110.67;746.232;133.17;3.76772;1.67391;4.29042;0.898604;54;B
uf20-0202;994;996;1000;81.323;96.123;108.323;114.123;3.84391;1.08981;4.05773;1.03466;464;B
uf20-0203;740;966;1000;240.609;155.298;1410.61;308.298;3.29222;2.04288;4.45321;0.854713;64;B
uf20-0204;1000;1000;1000;35.217;38.611;35.217;38.611;3.25317;0.6331;3.40769;0.499558;250;A
uf20-0205;897;989;1000;167.244;107.085;630.744;156.585;3.80863;1.59681;4.08668;1.13704;20;B
uf20-0206;965;999;1000;109.146;71.279;266.646;75.779;3.70541;1.56412;3.83947;0.903552;50;B
uf20-0207;971;964;1000;127.962;142.09;258.462;304.09;4.15313;1.16891;4.30955;0.927193;3;A
uf20-0208;1000;1000;1000;32.108;29.459;32.108;29.459;3.0817;0.757445;3.12304;0.530033;30;B
uf20-0209;644;765;1000;260.637;242.949;1862.64;1300.45;2.68259;2.48965;3.55709;1.75854;152;B
uf20-020;996;997;1000;92.191;89.819;110.191;103.319;3.94633;1.23283;4.12093;0.787731;104;B
uf20-0210;1000;1000;1000;22.958;26.876;22.958;26.876;2.74792;0.696842;2.99529;0.585843;83;B
uf20-0211;978;999;1000;93.8;70.276;192.8;74.776;3.74726;1.2928;3.78364;0.952304;26;B
uf20-0212;995;1000;1000;77.647;49.883;100.147;49.883;3.6671;1.40209;3.58464;0.70051;34;B
uf20-0213;999;982;1000;70.313;131.937;74.813;212.937;3.73651;1.09725;4.32713;1.05409;3;A
uf20-0214;980;937;1000;127.68;176.425;217.68;459.925;4.26367;1.0263;4.40267;0.865289;2;A
uf20-0215;1000;1000;1000;31.516;39.74;31.516;39.74;3.01424;0.805315;3.33873;0.693102;233;A
uf20-0216;657;914;1000;281.938;187.906;1825.44;574.906;2.97213;2.71894;4.21118;1.23956;28;B
uf20-0217;993;999;1000;86.638;79.727;118.138;84.227;3.82903;1.29767;3.96588;0.895611;92;B
uf20-0218;1000;1000;1000;32.927;39.654;32.927;39.654;3.11362;0.751386;3.33834;0.72277;243;A
uf20-0219;844;874;1000;215.569;213.968;917.569;780.968;3.84535;1.64864;4.1877;1.12111;178;B
uf20-021;971;990;1000;105.154;105.576;235.654;150.576;3.81504;1.28711;4.2147;0.808734;154;B
uf20-0220;997;1000;1000;69.829;75.357;83.329;75.357;3.6967;1.11137;3.9501;0.829527;163;B
uf20-0221;804;991;1000;192.179;87.137;1074.18;127.637;3.25922;1.80727;3.91207;0.985652;24;B
uf20-0222;913;962;1000;137.619;155.684;529.119;326.684;3.63503;1.49771;4.35712;1.05953;270;B
uf20-0223;992;998;1000;90.38;99.345;126.38;108.345;3.89654;1.16213;4.24941;0.726627;180;B
uf20-0224;803;797;1000;237.397;256.754;1123.9;1170.25;3.74955;1.75724;3.90146;1.61043;415;A
uf20-0225;799;929;1000;234.107;170.053;1138.61;489.553;3.66362;1.83468;4.22159;1.08061;31;B
uf20-0226;1000;1000;1000;39.652;31.587;39.652;31.587;3.16182;1.0028;3.15572;0.5858;23;B
uf20-0227;1000;1000;1000;49.012;60.01;49.012;60.01;3.45918;0.892004;3.72902;0.77921;232;A
uf20-0228;875;946;1000;165.177;153.66;727.677;396.66;3.68193;1.41044;4.22446;1.03504;152;B
uf20-0229;996;998;1000;59.797;61.114;77.797;70.114;3.4014;1.23591;3.60725;0.982415;116;B
uf20-022;926;932;1000;137.473;165.809;470.473;471.809;3.76358;1.38557;4.21134;1.06259;445;B
uf20-0230;1000;1000;1000;34.465;38.791;34.465;38.791;3.01942;0.900477;3.32117;0.679455;76;B
uf20-0231;620;841;1000;300.477;227.286;2010.48;942.786;2.95357;2.72705;4.04664;1.24727;33;B
uf20-0232;889;842;1000;189.571;235.457;689.071;946.457;4.06061;1.24887;4.122;1.22325;6;A
uf20-0233;990;904;1000;95.066;186.829;140.066;618.829;3.89563;1.2955;4.13567;1.24725;2;A
uf20-0234;977;875;1000;128.351;196.664;231.851;759.164;4.12314;1.39999;3.97764;1.36271;4;A
uf20-0235;1000;1000;1000;45.179;50.152;45.179;50.152;3.45119;0.731203;3.61219;0.63467;299;B
uf20-0236;685;622;1000;280.781;304.69;1698.28;2005.69;3.17001;2.57393;2.93604;2.8285;4;A
uf20-0237;981;997;1000;74.273;83.039;159.773;96.539;3.4977;1.23553;3.91549;1.02173;234;B
uf20-0238;923;934;1000;164.057;179.505;510.557;476.505;4.08044;1.26536;4.35206;1.00298;467;B
uf20-0239;964;994;1000;112.668;104.489;274.668;131.489;3.79769;1.42867;4.1984;0.917931;111;B
uf20-023;985;993;1000;91.555;99.632;159.055;131.132;3.81251;1.25588;4.06807;1.04975;321;B
uf20-0240;708;846;1000;236.773;218.437;1550.77;911.437;2.97886;2.17378;3.95667;1.40374;177;B
uf20-0241;1000;1000;1000;54.831;63.406;54.831;63.406;3.57208;0.945101;3.78142;0.816038;431;A
uf20-0242;1000;1000;1000;53.521;74.981;53.521;74.981;3.48106;1.0754;3.85724;1.02808;3;A
uf20-0243;984;995;1000;113.338;102.673;185.338;125.173;4.06172;1.31129;4.15554;1.01097;72;B
uf20-0244;965;989;1000;124.263;117.563;281.763;167.063;4.02313;1.26301;4.23965;1.00814;96;B
uf20-0245;965;944;1000;130.121;167.693;287.621;419.693;4.12279;1.09863;4.34244;0.981797;4;A
uf20-0246;964;1000;1000;89.485;62.631;251.485;62.631;3.31141;1.68686;3.63842;1.05428;71;B
uf20-0247;477;709;1000;323.627;274.341;2677.13;1583.84;1.99574;3.08156;3.34267;2.25748;85;B
uf20-0248;618;697;1000;309.592;298.299;2028.59;1661.8;3.01711;2.79151;3.50682;2.24215;201;B
uf20-0249;901;995;1000;158.259;89.823;603.759;112.323;3.71571;1.60693;3.97769;1.01797;32;B
uf20-024;752;951;1000;228.387;143.328;1344.39;363.828;3.17406;2.15476;4.13996;1.09558;46;B
uf20-0250;950;989;1000;99.346;101.161;324.346;150.661;3.33359;1.61442;3.97512;1.24477;161;B
uf20-0251;999;1000;1000;61.877;71.423;66.377;71.423;3.7342;0.794657;3.9589;0.64736;332;B
uf20-0252;985;1000;1000;102.592;76.815;170.092;76.815;3.8769;1.45736;3.8862;1.02637;39;B
uf20-0253;963;988;1000;110.14;106.842;276.64;160.842;3.85701;1.17327;4.17887;0.883895;137;B
uf20-0254;965;985;1000;103.214;103.264;260.714;170.764;3.63039;1.52018;4.01558;1.1135;165;B
uf20-0255;977;986;1000;114.613;106.568;218.113;169.568;3.9423;1.43595;4.16688;0.920076;110;B
uf20-0256;977;1000;1000;70.283;49.455;173.783;49.455;3.17101;1.55802;3.4523;0.922799;63;B
uf20-0257;913;979;1000;143.98;111.709;535.48;206.209;3.68589;1.52295;4.09692;1.0112;75;B
uf20-0258;1000;1000;1000;53.615;56.807;53.615;56.807;3.46239;0.999407;3.70316;0.723494;123;B
uf20-0259;988;1000;1000;75.064;61.176;129.064;61.176;3.54661;1.29145;3.69668;0.867409;70;B
uf20-025;738;682;1000;241.391;296.237;1420.39;1727.24;3.30723;2.01301;3.37641;2.32764;5;A
uf20-0260;798;805;1000;244.015;246.205;1153.02;1123.7;3.7742;1.73633;3.94828;1.38079;153;B
uf20-0261;897;963;1000;143.19;145.352;606.69;311.852;3.57866;1.40422;4.30694;0.947927;199;B
uf20-0262;993;983;1000;98.327;116.638;129.827;193.138;4.07504;1.04154;4.22332;0.885909;4;A
uf20-0263;867;923;1000;163.046;172.465;761.546;518.965;3.51826;1.53464;4.16595;1.16501;249;B
uf20-0264;627;915;1000;279.03;164.981;1957.53;547.481;2.6891;2.75166;4.0266;1.20452;28;B
uf20-0265;987;1000;1000;97.925;70.177;156.425;70.177;3.90588;1.34755;3.86391;0.857477;33;B
uf20-0266;966;978;1000;133.677;140.71;286.677;239.71;4.08699;1.40607;4.39126;0.970123;254;B
uf20-0267;991;993;1000;88.64;82.328;129.14;113.828;3.75371;1.36996;3.93784;0.843989;78;B
uf20-0268;998;1000;1000;64.613;41.401;73.613;41.401;3.51153;1.37062;3.3515;0.759839;19;B
uf20-0269;999;1000;1000;51.245;42.145;55.745;42.145;3.42804;1.02971;3.43565;0.631539;33;B
uf20-026;976;885;1000;139.665;214.197;247.665;731.697;4.36547;0.963395;4.28031;1.04109;4;A
uf20-0270;781;892;1000;228.41;195.875;1213.91;681.875;3.47646;1.9018;4.16476;1.12558;88;B
uf20-0271;993;998;1000;51.566;50.13;83.066;59.13;3.13132;1.21812;3.35057;0.991603;90;B
uf20-0272;975;996;1000;94.423;95.456;206.923;113.456;3.6818;1.43561;4.08258;1.00328;122;B
uf20-0273;995;1000;1000;54.183;46.097;76.683;46.097;3.36457;1.10148;3.48664;0.698236;52;B
uf20-0274;720;884;1000;250.094;184.81;1510.09;706.81;3.12079;2.36237;3.94881;1.34399;52;B
uf20-0275;1000;1000;1000;11.647;16.278;11.647;16.278;2.26666;0.353499;2.60521;0.378965;72;B
uf20-0276;1000;1000;1000;37.105;43.971;37.105;43.971;3.23481;0.772586;3.47382;0.651664;240;A
uf20-0277;977;985;1000;106.607;98.325;210.107;165.825;3.90853;1.28005;3.95542;1.10006;59;B
uf20-0278;695;824;1000;244.592;221.555;1617.09;1013.55;2.91361;2.29792;3.86077;1.3774;144;B
uf20-0279;798;951;1000;207.521;157.161;1116.52;377.661;3.36804;1.92489;4.23896;1.16239;66;B
uf20-027;990;999;1000;80.456;77.806;125.456;82.306;3.68331;1.27925;3.91361;0.954504;128;B
uf20-0280;986;989;1000;93.376;109.727;156.376;159.227;3.95377;1.03421;4.21853;0.886191;406;B
uf20-0281;1000;1000;1000;23.312;38.528;23.312;38.528;2.75997;0.680223;3.30767;0.713095;283;B
uf20-0282;844;975;1000;176.846;130.303;878.846;242.803;3.47006;1.66299;4.29598;0.904547;86;B
uf20-0283;1000;1000;1000;33.937;39.863;33.937;39.863;3.04622;0.878978;3.38337;0.615872;93;B
uf20-0284;1000;1000;1000;36.482;68.454;36.482;68.454;3.25731;0.667741;3.91052;0.68581;4;A
uf20-0285;971;998;1000;110.595;90.039;241.095;99.039;3.92633;1.24468;4.10615;0.848385;70;B
uf20-0286;827;863;1000;231.047;221.183;1009.55;837.683;3.83969;1.68614;4.04647;1.4967;101;B
uf20-0287;741;868;1000;252.756;206.687;1418.26;800.687;3.35689;2.20063;4.04366;1.27824;48;B
uf20-0288;781;918;1000;211.739;181.477;1197.24;550.477;3.24788;2.03092;4.24049;1.08062;127;B
uf20-0289;953;935;1000;147.8;162.033;359.3;454.533;4.14434;1.28261;4.15511;1.1632;95;A
uf20-028;967;999;1000;123.681;86.819;272.181;91.319;4.01677;1.26077;4.08189;0.821991;45;B
uf20-0290;794;859;1000;220.388;215.735;1147.39;850.235;3.48752;1.85702;4.04351;1.32087;179;B
uf20-0291;967;993;1000;115.895;94.316;264.395;125.816;3.80847;1.61069;3.9947;1.07943;63;B
uf20-0292;938;984;1000;135.879;116.182;414.879;188.182;3.78827;1.57076;4.15273;1.09881;92;B
uf20-0293;1000;1000;1000;60.575;47.667;60.575;47.667;3.57723;1.14615;3.54057;0.695476;37;B
uf20-0294;752;975;1000;234.92;123.731;1350.92;236.231;3.29791;2.06005;4.1517;1.09633;22;B
uf20-0295;807;729;1000;213.641;281.976;1082.14;1501.48;3.57177;1.72564;3.59931;2.0417;1;A
uf20-0296;1000;1000;1000;45.015;56.465;45.015;56.465;3.3176;0.988183;3.68266;0.744098;246;B
uf20-0297;1000;997;1000;54.928;80.861;54.928;94.361;3.61769;0.809979;4.03471;0.711228;1;A
uf20-0298;993;993;1000;104.678;100.006;136.178;131.506;4.04315;1.26561;4.08427;1.04039;479;A
uf20-0299;1000;1000;1000;44.409;62.715;44.409;62.715;3.36611;0.851205;3.78675;0.750369;309;A
uf20-029;811;860;1000;212.174;226.272;1062.67;856.272;3.58311;1.66086;4.14267;1.27664;298;B
uf20-02;1000;1000;1000;50.427;47.045;50.427;47.045;3.43392;1.04786;3.47251;0.778191;31;B
uf20-0300;932;993;1000;124.541;86.172;430.541;117.672;3.57898;1.58448;3.9036;1.03796;50;B
uf20-0301;948;911;1000;137.033;190.551;371.033;591.051;4.0128;1.18507;4.26257;1.05755;5;A
uf20-0302;991;999;1000;86.339;68.465;126.839;72.965;3.77251;1.34456;3.83469;0.822352;48;B
uf20-0303;901;928;1000;150.451;176.05;595.951;500.05;3.67277;1.47714;4.30501;0.954624;314;B
uf20-0304;997;999;1000;59.188;88.112;72.688;92.612;3.52132;1.06648;4.05871;0.952456;374;B
uf20-0305;845;956;1000;160.74;131.707;858.24;329.707;3.1951;1.7458;4.00511;1.30001;105;B
uf20-0306;994;1000;1000;74.779;63.774;101.779;63.774;3.65078;1.30178;3.80286;0.763471;56;B
uf20-0307;985;999;1000;72.989;67.789;140.489;72.289;3.40945;1.47393;3.70976;1.06998;104;B
uf20-0308;909;974;1000;151.276;136.366;560.776;253.366;3.74228;1.50742;4.26613;1.08786;128;B
uf20-0309;995;1000;1000;47.165;35.031;69.665;35.031;3.14143;1.17205;3.21704;0.694819;40;B
uf20-030;999;1000;1000;46.256;62.531;50.756;62.531;3.31212;1.03315;3.67233;0.990633;3;A
uf20-0310;996;999;1000;62.689;88.531;80.689;93.031;3.62754;0.932725;4.12109;0.761448;439;B
uf20-0311;982;991;1000;71.195;99.011;152.195;139.511;3.44542;1.1696;4.04171;1.04243;419;B
uf20-0312;569;857;1000;301.565;206.81;2241.07;850.31;2.53588;2.92467;3.99111;1.24982;44;B
uf20-0313;906;970;1000;162.312;127.039;585.312;262.039;3.88492;1.35286;4.15185;1.06985;37;B
uf20-0314;999;1000;1000;60.605;62.297;65.105;62.297;3.61279;1.05342;3.76389;0.820813;128;B
uf20-0315;822;998;1000;193.011;85.317;994.011;94.317;3.35503;1.9759;3.94869;1.05117;24;B
uf20-0316;732;859;1000;270.872;222.756;1476.87;857.256;3.4945;2.13686;4.14726;1.19105;80;B
uf20-0317;993;999;1000;88.764;82.967;120.264;87.467;3.83608;1.30875;4.06853;0.754898;88;B
uf20-0318;998;1000;1000;56.522;53.173;65.522;53.173;3.48598;1.04413;3.65145;0.65392;73;B
uf20-0319;997;1000;1000;63.635;67.686;77.135;67.686;3.51365;1.16842;3.8638;0.761797;104;B
uf20-031;582;806;1000;319.77;241.127;2200.77;1114.13;2.77335;3.08894;3.8599;1.53057;20;B
uf20-0320;915;971;1000;143.26;131.504;525.76;262.004;3.63864;1.65781;4.2193;1.07033;135;B
uf20-0321;955;966;1000;131.89;149.783;334.39;302.783;3.96729;1.40247;4.40534;0.884505;358;B
uf20-0322;998;987;1000;91.093;124.644;100.093;183.144;4.08393;0.913217;4.34885;0.857596;2;A
uf20-0323;890;939;1000;128.543;131.417;623.543;405.917;3.27199;1.47472;3.88619;1.17152;182;B
uf20-0324;975;993;1000;110.606;113.643;223.106;145.143;3.99145;1.14364;4.30336;0.847731;178;B
uf20-0325;694;912;1000;250.157;172.626;1627.16;568.626;2.88471;2.49426;4.06403;1.24251;57;B
uf20-0326;994;998;1000;91.037;77.192;118.037;86.192;3.96079;1.12165;3.99654;0.715008;55;B
uf20-0327;960;978;1000;124.246;111.255;304.246;210.255;3.81973;1.70728;3.94074;1.34649;33;B
uf20-0328;742;692;1000;253.725;292.102;1414.72;1678.1;3.4142;2.10517;3.40808;2.28237;4;A
uf20-0329;666;702;1000;256.917;274.737;1759.92;1615.74;2.86865;2.37193;3.3274;2.2248;392;B
uf20-032;641;924;1000;288.61;192.155;1904.11;534.155;2.90523;2.73906;4.41179;0.921742;83;B
uf20-0330;842;904;1000;220.767;178.799;931.767;610.799;3.84317;1.78178;4.14072;1.04493;58;B
uf20-0331;984;986;1000;109.895;110.978;181.895;173.978;4.07504;1.16143;4.17711;0.99568;200;B
uf20-0332;965;1000;1000;72.673;62.216;230.173;62.216;3.38084;0.982873;3.79804;0.686792;94;B
uf20-0333;689;700;1000;270.331;287.43;1669.83;1637.43;3.14956;2.42761;3.41792;2.24991;468;B
uf20-0334;993;997;1000;72.861;80.667;104.361;94.167;3.66491;1.12582;3.9018;1.02006;196;B
uf20-0335;996;1000;1000;61.83;71.76;79.83;71.76;3.52953;1.07847;3.85864;0.896873;175;B
uf20-0336;534;768;1000;332.629;261.748;2429.63;1305.75;2.5012;3.36111;3.726;1.7999;59;B
uf20-0337;890;985;1000;161.288;111.821;656.288;179.321;3.77472;1.32003;4.15552;0.981157;30;B
uf20-0338;974;993;1000;120.692;104.467;237.692;135.967;4.0269;1.3419;4.17694;0.944553;76;B
uf20-0339;883;982;1000;153.803;105.271;680.303;186.271;3.45484;1.68699;4.00318;1.14072;71;B
uf20-033;995;999;1000;87.002;77.348;109.502;81.848;3.84154;1.3273;3.99196;0.77436;69;B
uf20-0340;979;998;1000;85.125;77.719;179.625;86.719;3.57738;1.39764;3.82191;1.10964;130;B
uf20-0341;1000;1000;1000;18.237;29.259;18.237;29.259;2.62636;0.517694;3.0601;0.652154;3;A
uf20-0342;973;995;1000;110.857;92.508;232.357;115.008;3.93488;1.28008;4.10022;0.848477;64;B
uf20-0343;797;656;1000;239.117;297.751;1152.62;1845.75;3.70518;1.81843;3.18763;2.55081;4;A
uf20-0344;884;938;1000;159.249;160.475;681.249;439.475;3.64049;1.46667;4.19734;1.1372;211;B
uf20-0345;963;998;1000;116.448;86.281;282.948;95.281;3.96692;1.11907;4.07879;0.783112;47;B
uf20-0346;990;995;1000;68.655;95.539;113.655;118.039;3.51222;1.17902;4.12165;0.886496;423;B
uf20-0347;899;962;1000;172.074;141.908;626.574;312.908;3.87821;1.5693;4.24862;1.04261;63;B
uf20-0348;827;950;1000;207.767;167.812;986.267;392.812;3.69931;1.57486;4.41848;0.882598;82;B
uf20-0349;970;992;1000;105.655;103.065;240.655;139.065;3.77149;1.42851;4.13977;0.999939;124;B
uf20-034;985;1000;1000;63.109;42.813;130.609;42.813;3.26482;1.29394;3.36841;0.778211;41;B
uf20-0350;874;991;1000;161.914;108.873;728.914;149.373;3.61501;1.44641;4.23554;0.864428;79;B
uf20-0351;966;989;1000;133.176;108.54;286.176;158.04;4.13622;1.22554;4.17991;0.970314;46;B
uf20-0352;806;952;1000;185.303;137.718;1058.3;353.718;3.18835;1.80971;4.07908;1.12407;81;B
uf20-0353;994;998;1000;61.646;68.626;88.646;77.626;3.40277;1.27231;3.77502;0.892247;127;B
uf20-0354;977;983;1000;122.884;132.418;226.384;208.918;4.16935;1.11486;4.38043;0.902183;424;B
uf20-0355;767;743;1000;237.032;275.244;1285.53;1431.74;3.45925;1.97629;3.63595;1.98244;4;A
uf20-0356;777;926;1000;246.7;177.546;1250.2;510.546;3.65272;1.83536;4.26969;1.05449;27;B
uf20-0357;636;916;1000;284.673;192.927;1922.67;570.927;2.83309;2.75158;4.29949;1.13406;65;B
uf20-0358;984;963;1000;83.591;108.478;155.591;274.978;3.54764;1.48385;3.76889;1.33844;3;A
uf20-0359;1000;1000;1000;22.441;27.694;22.441;27.694;2.84993;0.506055;3.09873;0.44282;4;A
uf20-035;951;964;1000;127.517;135.808;348.017;297.808;3.90687;1.31926;4.18421;1.08864;248;B
uf20-0360;999;1000;1000;32.12;30.213;36.62;30.213;2.96444;0.850197;3.09609;0.614497;40;B
uf20-0361;969;994;1000;106.657;93.531;246.157;120.531;3.76203;1.44542;4.03929;1.01875;92;B
uf20-0362;969;999;1000;109.275;82.464;248.775;86.964;3.77488;1.5376;3.93799;1.03302;53;B
uf20-0363;995;976;1000;76.54;121.205;99.04;229.205;3.70976;1.24547;4.15466;1.07162;4;A
uf20-0364;912;954;1000;159.465;146.242;555.465;353.242;3.87298;1.43614;4.19626;1.08538;115;B
uf20-0365;934;964;1000;103.273;114.223;400.273;276.223;3.37596;1.41552;3.85768;1.35785;273;B
uf20-0366;1000;980;1000;65.974;123.514;65.974;213.514;3.68928;1.07371;4.2594;0.92138;4;A
uf20-0367;890;959;1000;180.582;148.763;675.582;333.263;3.96894;1.31837;4.30607;0.970754;60;B
uf20-0368;968;991;1000;106.226;103.421;250.226;143.921;3.77789;1.37437;4.17593;0.881334;126;B
uf20-0369;919;891;1000;162.311;204.924;526.811;695.424;3.9285;1.52913;4.18712;1.21084;2;A
uf20-036;899;777;1000;177.738;245.659;632.238;1249.16;3.92912;1.55605;3.63109;1.83652;4;A
uf20-0370;994;1000;1000;93.818;80.252;120.818;80.252;4.01378;1.08568;4.01909;0.817523;49;B
uf20-0371;948;992;1000;139.191;98.543;373.191;134.543;3.92782;1.53318;4.0616;1.05393;40;B
uf20-0372;992;1000;1000;84.612;78.521;120.612;78.521;3.79164;1.32097;3.95349;0.930612;100;B
uf20-0373;985;999;1000;93.546;59.158;161.046;63.658;3.83417;1.30929;3.68818;0.815887;24;B
uf20-0374;839;927;1000;208.337;170.366;932.837;498.866;3.74547;1.6982;4.22852;1.02456;53;B
uf20-0375;1000;1000;1000;42.159;40.586;42.159;40.586;3.25419;0.97857;3.39383;0.662407;56;B
uf20-0376;753;900;1000;216.519;190.167;1328.02;640.167;3.20062;1.82961;4.20065;1.03576;164;B
uf20-0377;1000;1000;1000;38.501;68.223;38.501;68.223;3.24992;0.749937;3.85274;0.793836;392;B
uf20-0378;661;741;1000;263.15;265.032;1788.65;1430.53;2.78289;2.65554;3.5174;2.05002;264;B
uf20-0379;769;864;1000;240.069;205.377;1279.57;817.377;3.49077;1.95155;4.03232;1.21706;113;B
uf20-037;504;646;1000;317.358;299.198;2549.36;1892.2;2.13844;3.08074;3.13528;2.56625;176;B
uf20-0380;982;997;1000;94.195;68.301;175.195;81.801;3.71214;1.43287;3.75885;0.91383;48;B
uf20-0381;918;988;1000;159.027;111.433;528.027;165.433;3.87515;1.57205;4.15041;1.0699;39;B
uf20-0382;942;1000;1000;111.333;63.994;372.333;63.994;3.50771;1.56589;3.73612;0.908658;45;B
uf20-0383;872;889;1000;198.27;206.779;774.27;706.279;3.89998;1.61666;4.20782;1.15916;315;B
uf20-0384;919;950;1000;147.737;145.298;512.237;370.298;3.76818;1.53697;4.10798;1.2562;211;B
uf20-0385;955;920;1000;118.801;187.682;321.301;547.682;3.89387;1.16349;4.32646;0.983244;3;A
uf20-0386;636;687;1000;282.08;284.277;1920.08;1692.78;2.8638;2.60184;3.32214;2.26269;260;B
uf20-0387;1000;1000;1000;29.167;31.942;29.167;31.942;2.92329;0.732819;3.15678;0.593983;86;B
uf20-0388;898;913;1000;151.106;173.493;610.106;564.993;3.67516;1.42214;4.10842;1.16877;379;B
uf20-0389;599;741;1000;310.686;265.952;2115.19;1431.45;2.78621;3.07201;3.51743;2.11296;42;B
uf20-038;1000;1000;1000;26.036;22.37;26.036;22.37;2.86443;0.706358;2.89077;0.432738;23;B
uf20-0390;980;998;1000;99.311;87.702;189.311;96.702;3.82649;1.3248;4.05976;0.898114;84;B
uf20-0391;981;990;1000;101.01;101.05;186.51;146.05;3.77468;1.60266;4.00808;1.18955;93;B
uf20-0392;997;998;1000;79.416;67.177;92.916;76.177;3.90362;1.0021;3.83311;0.756582;32;B
uf20-0393;990;1000;1000;81.006;49.9;126.006;49.9;3.7187;1.22003;3.54367;0.757596;14;B
uf20-0394;991;1000;1000;92.739;58.604;133.239;58.604;3.87638;1.27089;3.70657;0.750494;26;B
uf20-0395;1000;1000;1000;23.051;24.461;23.051;24.461;2.70962;0.772665;2.92678;0.552561;53;B
uf20-0396;578;765;1000;295.959;242.283;2194.96;1299.78;2.49688;2.92628;3.51033;1.87826;47;B
uf20-0397;816;872;1000;195.371;186.002;1023.37;762.002;3.42143;1.77219;3.90711;1.23269;181;B
uf20-0398;928;998;1000;124.861;91.842;448.861;100.842;3.69587;1.21611;4.14499;0.797383;93;B
uf20-0399;870;960;1000;187.872;157.875;772.872;337.875;3.77745;1.67327;4.34682;1.0849;73;B
uf20-039;948;981;1000;137.03;116.508;371.03;202.008;3.94334;1.37838;4.20713;0.902958;84;B
uf20-03;731;831;1000;253.855;235.244;1464.36;995.744;3.34396;2.10403;3.97467;1.45203;127;B
uf20-0400;853;884;1000;178.272;202.596;839.772;724.596;3.55049;1.6261;4.16107;1.15225;338;B
uf20-0401;1000;1000;1000;37.631;31.742;37.631;31.742;2.93417;1.22811;3.08341;0.742658;40;B
uf20-0402;765;918;1000;256.97;202.639;1314.47;571.639;3.56972;2.09136;4.4188;0.99773;74;B
uf20-0403;998;1000;1000;58.211;49.677;67.211;49.677;3.35086;1.34314;3.51239;0.826981;65;B
uf20-0404;977;1000;1000;89.517;69.223;193.017;69.223;3.57632;1.47587;3.83432;0.865129;69;B
uf20-0405;999;1000;1000;57.296;48.797;61.796;48.797;3.39986;1.3267;3.47096;0.857186;43;B
uf20-0406;901;942;1000;181.445;172.798;626.945;433.798;3.98275;1.4986;4.37964;0.984713;166;B
uf20-0407;882;947;1000;169.641;162.041;700.641;400.541;3.71425;1.52569;4.28806;1.08867;175;B
uf20-0408;708;885;1000;248.224;193.91;1562.22;711.41;3.05685;2.3286;4.05009;1.27194;63;B
uf20-0409;975;999;1000;85.651;68.287;198.151;72.787;3.60698;1.22637;3.76682;0.877281;53;B
uf20-040;940;984;1000;157.306;125.475;427.306;197.475;4.10811;1.34882;4.31023;0.949347;58;B
uf20-0410;924;972;1000;184.77;141.225;526.77;267.225;4.25345;1.27211;4.29479;1.08975;19;B
uf20-0411;823;836;1000;224.331;241.992;1020.83;979.992;3.82371;1.56516;4.12795;1.24824;399;B
uf20-0412;1000;1000;1000;41.105;52.549;41.105;52.549;3.21432;0.981415;3.60406;0.753498;294;B
uf20-0413;938;987;1000;124.165;109.84;403.165;168.34;3.68435;1.437;4.09864;1.14317;117;B
uf20-0414;868;975;1000;178.098;136.298;772.098;248.798;3.71762;1.47807;4.33084;0.94349;91;B
uf20-0415;932;995;1000;132.603;92.283;438.603;114.783;3.7435;1.46271;4.11384;0.812117;63;B
uf20-0416;989;991;1000;93.319;89.302;142.819;129.802;3.76812;1.53926;3.83385;1.26783;93;B
uf20-0417;998;1000;1000;67.645;54.923;76.645;54.923;3.52558;1.47419;3.55947;0.953576;41;B
uf20-0418;974;972;1000;116.44;142.526;233.44;268.526;3.98006;1.33897;4.35364;0.969254;454;A
uf20-0419;920;835;1000;182.68;231.061;542.68;973.561;4.25781;1.12351;4.05038;1.2358;3;A
uf20-041;973;927;1000;152.577;180.968;274.077;509.468;4.41191;1.07675;4.37308;0.872909;4;A
uf20-0420;676;684;1000;268.149;285.499;1726.15;1707.5;2.9761;2.52593;3.2553;2.43852;373;B
uf20-0421;994;989;1000;88.414;102.039;115.414;151.539;3.83144;1.3082;4.08503;1.01127;314;A
uf20-0422;999;1000;1000;54.611;55.702;59.111;55.702;3.51147;0.923161;3.73256;0.594514;101;B
uf20-0423;794;923;1000;211.278;162.344;1138.28;508.844;3.31204;2.083;4.10557;1.12342;80;B
uf20-0424;863;959;1000;187.373;161.312;803.873;345.812;3.75035;1.57808;4.35924;1.10408;92;B
uf20-0425;744;930;1000;206.323;163.949;1358.32;478.949;2.97059;1.81162;4.17161;1.07604;143;B
uf20-0426;940;994;1000;129.894;88.692;399.894;115.692;3.66876;1.75002;3.9661;1.0296;53;B
uf20-0427;1000;1000;1000;38.168;46.363;38.168;46.363;3.22476;0.830097;3.54115;0.658676;104;B
uf20-0428;977;987;1000;107.85;125.383;211.35;183.883;3.98289;1.16926;4.30662;1.01178;383;B
uf20-0429;1000;1000;1000;32.919;49.636;32.919;49.636;3.059;0.80777;3.56825;0.722412;294;A
uf20-042;950;1000;1000;143.409;75.941;368.409;75.941;4.0914;1.263;3.98215;0.754645;21;B
uf20-0430;997;999;1000;66.083;62.052;79.583;66.552;3.55072;1.22685;3.66785;0.957428;98;B
uf20-0431;994;1000;1000;67.966;54.071;94.966;54.071;3.46425;1.37791;3.50643;0.965311;38;B
uf20-0432;975;983;1000;118.691;115.623;231.191;192.123;4.08613;1.14621;4.19402;0.953337;105;B
uf20-0433;909;988;1000;137.865;105.545;547.365;159.545;3.53234;1.65306;3.9782;1.33063;55;B
uf20-0434;943;905;1000;137.429;182.342;393.929;609.842;3.8487;1.59697;4.03642;1.46275;3;A
uf20-0435;844;582;1000;224.828;331.53;926.828;2212.53;3.9743;1.48604;2.8811;3.17034;5;A
uf20-0436;996;999;1000;69.261;65.292;87.261;69.792;3.5777;1.34901;3.71841;0.970683;66;B
uf20-0437;800;912;1000;219.377;200.005;1119.38;596.005;3.57936;1.72118;4.38068;0.946575;158;B
uf20-0438;737;870;1000;237.643;197.842;1421.14;782.842;3.21107;2.05832;4.01245;1.20622;99;B
uf20-0439;1000;1000;1000;39.617;49.051;39.617;49.051;3.25615;0.834406;3.53422;0.742609;266;A
uf20-043;576;592;1000;291.717;312.809;2199.72;2148.81;2.47894;2.78184;2.77808;2.97393;477;B
uf20-0440;993;1000;1000;88.217;88.777;119.717;88.777;3.82269;1.30501;4.11191;0.850214;119;B
uf20-0441;1000;1000;1000;19.167;22.847;19.167;22.847;2.62128;0.60001;2.85803;0.543798;90;B
uf20-0442;865;957;1000;187.198;164.262;794.698;357.762;3.71203;1.64928;4.42111;0.935383;139;B
uf20-0443;1000;1000;1000;49.692;59.524;49.692;59.524;3.45716;0.942632;3.72501;0.779014;256;B
uf20-0444;985;903;1000;103.165;202.354;170.665;638.854;4.04222;1.07901;4.33754;0.947123;3;A
uf20-0445;1000;1000;1000;28.289;41.273;28.289;41.273;2.93817;0.778103;3.33356;0.813584;2;A
uf20-0446;994;1000;1000;51.669;33.16;78.669;33.16;3.1481;1.26381;3.15861;0.679073;35;B
uf20-0447;974;994;1000;102.032;99.33;219.032;126.33;3.87895;1.1376;4.19701;0.77784;150;B
uf20-0448;897;961;1000;151.685;135.409;615.185;310.909;3.63689;1.60518;4.07933;1.3082;105;B
uf20-0449;490;481;1000;332.312;354.901;2627.31;2690.4;2.17853;3.29442;2.31642;3.63895;5;A
uf20-044;894;968;1000;159.339;130.105;636.339;274.105;3.65641;1.62456;4.10672;1.24181;108;B
uf20-0450;999;999;1000;55.194;78.172;59.694;82.672;3.39371;1.21731;3.96905;0.851817;449;A
uf20-0451;1000;1000;1000;37.922;43.953;37.922;43.953;3.19544;0.87866;3.42586;0.747205;330;B
uf20-0452;914;943;1000;152.089;160.964;539.089;417.464;3.80649;1.45684;4.25946;1.06056;261;B
uf20-0453;866;927;1000;154.499;161.102;757.499;489.602;3.3595;1.63833;4.09182;1.19966;208;B
uf20-0454;692;782;1000;248.487;233.391;1634.49;1214.39;2.92408;2.38253;3.54572;1.81454;133;B
uf20-0455;836;957;1000;196.563;139.361;934.563;332.861;3.69018;1.47763;4.18234;1.02267;28;B
uf20-0456;904;969;1000;156.371;124.599;588.371;264.099;3.76294;1.51626;4.16897;0.955865;79;B
uf20-0457;999;996;1000;69.899;108.353;74.399;126.353;3.75707;1.08638;4.23701;1.00839;5;A
uf20-0458;842;647;1000;227.525;314.628;938.525;1903.13;4.02673;1.37251;3.24405;2.65292;3;A
uf20-0459;993;1000;1000;79.341;55.016;110.841;55.016;3.72874;1.22636;3.59583;0.831053;19;B
uf20-045;997;998;1000;74.022;89.591;87.522;98.591;3.79983;1.05916;4.09677;0.857892;309;A
uf20-0460;998;1000;1000;47.667;58.887;56.667;58.887;3.35023;0.918176;3.73132;0.729905;173;B
uf20-0461;778;962;1000;209.985;161.543;1208.98;332.543;3.36386;1.72793;4.45639;0.888446;92;B
uf20-0462;865;986;1000;173.367;101.795;780.867;164.795;3.67064;1.41451;4.04398;0.998853;12;B
uf20-0463;982;888;1000;117.49;206.53;198.49;710.53;4.16788;1.13848;4.23282;1.10948;3;A
uf20-0464;909;969;1000;185.037;160.654;594.537;300.154;4.15444;1.25148;4.47642;0.962834;62;B
uf20-0465;564;771;1000;323.101;267.468;2285.1;1297.97;2.66128;3.20262;3.81113;1.70858;83;B
uf20-0466;721;771;1000;269.773;260.587;1525.27;1291.09;3.42183;2.16893;3.73579;1.78096;113;B
uf20-0467;985;1000;1000;97.834;61.471;165.334;61.471;3.80289;1.49075;3.7007;0.882038;25;B
uf20-0468;715;930;1000;276.967;175.492;1559.47;490.492;3.3885;2.35005;4.26434;1.13485;20;B
uf20-0469;871;973;1000;175.169;136.026;755.669;257.526;3.63081;1.69482;4.2622;1.08009;92;B
uf20-046;1000;999;1000;47.391;57.942;47.391;62.442;3.34685;1.00746;3.68424;0.815047;158;B
uf20-0470;1000;1000;1000;28.202;43.809;28.202;43.809;2.99571;0.627265;3.46246;0.653539;289;A
uf20-0471;972;999;1000;92.427;77.779;218.427;82.279;3.60743;1.43049;3.95032;0.868123;101;B
uf20-0472;942;977;1000;140.954;135.797;401.954;239.297;3.98687;1.25558;4.34648;0.928055;160;B
uf20-0473;960;1000;1000;99.723;73.931;279.723;73.931;3.55717;1.50782;3.82485;1.03824;57;B
uf20-0474;970;991;1000;122.294;107.277;257.294;147.777;3.94749;1.46941;4.14526;1.03389;79;B
uf20-0475;950;992;1000;141.667;102.422;366.667;138.422;4.05905;1.27277;4.15985;0.86482;36;B
uf20-0476;675;786;1000;256.804;254.07;1719.3;1217.07;2.87542;2.42531;3.81464;1.65032;216;B
uf20-0477;782;821;1000;199.573;239.883;1180.57;1045.38;3.24362;1.73872;4.00061;1.30824;420;B
uf20-0478;901;989;1000;182.797;117.583;628.297;167.083;4.01366;1.4966;4.27959;0.948869;35;B
uf20-0479;933;989;1000;131.327;109.877;432.827;159.377;3.79663;1.30621;4.18943;0.989683;98;B
uf20-047;970;968;1000;102.049;147.203;237.049;291.203;3.74166;1.35465;4.33334;1.03094;4;A
uf20-0480;992;990;1000;82.395;90.222;118.395;135.222;3.67593;1.40828;3.87561;1.1744;434;A
uf20-0481;985;920;1000;113.921;180.825;181.421;540.825;4.11589;1.16148;4.23035;1.15393;5;A
uf20-0482;992;989;1000;100.529;114.634;136.529;164.134;3.88495;1.56196;4.19101;1.11196;433;A
uf20-0483;1000;1000;1000;30.924;38.688;30.924;38.688;2.98796;0.86713;3.3116;0.710252;230;B
uf20-0484;918;949;1000;165.983;158.755;534.983;388.255;3.99483;1.3975;4.28784;1.04859;145;B
uf20-0485;998;1000;1000;51.615;37.679;60.615;37.679;3.31573;1.15259;3.29174;0.718654;33;B
uf20-0486;967;1000;1000;106.066;73.764;254.566;73.764;3.64018;1.60901;3.88404;0.886514;65;B
uf20-0487;1000;1000;1000;37.757;62.123;37.757;62.123;3.23829;0.792715;3.7723;0.762245;2;A
uf20-0488;983;998;1000;88.774;96.121;165.274;105.121;3.86791;1.00408;4.18457;0.844439;217;B
uf20-0489;951;931;1000;116.037;160.18;336.537;470.68;3.74393;1.33616;4.09662;1.18056;2;A
uf20-048;806;668;1000;233.898;290.056;1106.9;1784.06;3.74147;1.73823;3.2364;2.38835;3;A
uf20-0490;917;782;1000;175.498;261.365;548.998;1242.37;4.19194;1.06136;3.84476;1.6187;5;A
uf20-0491;952;995;1000;109.429;91.867;325.429;114.367;3.56645;1.50262;4.03322;0.966993;85;B
uf20-0492;998;1000;1000;68.492;54.889;77.492;54.889;3.63885;1.22694;3.60761;0.811986;34;B
uf20-0493;793;976;1000;236.53;147.044;1168.03;255.044;3.68115;1.72144;4.43586;0.901076;29;B
uf20-0494;971;999;1000;94.429;63.592;224.929;68.092;3.62945;1.45193;3.7567;0.795877;45;B
uf20-0495;756;767;1000;259.699;266.766;1357.7;1315.27;3.55414;2.08105;3.76504;1.78733;422;B
uf20-0496;1000;1000;1000;41.806;56.711;41.806;56.711;3.33548;0.78163;3.72732;0.675407;264;B
uf20-0497;1000;1000;1000;27.421;31.319;27.421;31.319;2.98019;0.660833;3.19424;0.527825;80;B
uf20-0498;997;999;1000;59.915;78.024;73.415;82.524;3.59864;0.916943;3.99709;0.75253;364;B
uf20-0499;1000;1000;1000;55.994;50.056;55.994;50.056;3.48984;1.11575;3.56802;0.731264;48;B
uf20-049;789;974;1000;215.137;139.356;1164.64;256.356;3.52536;1.61711;4.37169;0.888756;34;B
uf20-04;828;910;1000;207.732;184.522;981.732;589.522;3.63264;1.79651;4.18596;1.13151;84;B
uf20-0500;986;995;1000;120.06;100.573;183.06;123.073;4.18462;1.19201;4.20993;0.809914;61;B
uf20-0501;998;1000;1000;64.814;50.761;73.814;50.761;3.62718;1.11921;3.5733;0.733523;24;B
uf20-0502;1000;1000;1000;48.123;43.172;48.123;43.172;3.33675;1.11875;3.42385;0.715531;41;B
uf20-0503;995;997;1000;74.16;72.829;96.66;86.329;3.67992;1.21253;3.80579;0.957891;85;B
uf20-0504;769;948;1000;239.969;161.865;1279.47;395.865;3.55985;1.77793;4.3632;0.87708;34;B
uf20-0505;901;985;1000;169.456;121.293;614.956;188.793;3.85224;1.55956;4.26757;0.952244;58;B
uf20-0506;924;963;1000;142.1;134.254;484.1;300.754;3.74896;1.52123;4.16444;1.08897;172;B
uf20-0507;1000;1000;1000;26.201;39.405;26.201;39.405;2.89597;0.693487;3.32886;0.699227;2;A
uf20-0508;886;989;1000;141.17;102.694;654.17;152.194;3.34482;1.58601;4.10339;0.985752;107;B
uf20-0509;788;901;1000;244.947;193.221;1198.95;638.721;3.67961;1.8479;4.17948;1.19095;37;B
uf20-050;583;704;1000;323.235;291.309;2199.74;1623.31;2.8054;3.13204;3.52139;2.11089;85;B
uf20-0510;998;997;1000;55.727;57.43;64.727;70.93;3.47911;1.03696;3.61349;0.804182;429;A
uf20-0511;996;990;1000;79.795;116.176;97.795;161.176;3.82711;1.14611;4.25031;0.97966;6;A
uf20-0512;941;989;1000;146.352;101.388;411.852;150.888;3.96829;1.43268;4.09545;0.988994;42;B
uf20-0513;990;996;1000;92.453;100.516;137.453;118.516;3.93645;1.16388;4.20954;0.851449;254;B
uf20-0514;668;778;1000;258.853;235.188;1752.85;1234.19;2.8808;2.38433;3.59579;1.70644;124;B
uf20-0515;981;1000;1000;81.111;57.823;166.611;57.823;3.69259;1.101;3.67981;0.775497;18;B
uf20-0516;993;994;1000;71.422;86.763;102.922;113.763;3.51167;1.41181;3.85772;1.18835;307;A
uf20-0517;834;900;1000;224.28;205.134;971.28;655.134;3.89262;1.56127;4.31922;1.00131;98;B
uf20-0518;757;922;1000;247.543;185.036;1341.04;536.036;3.46584;2.02025;4.29521;1.05483;49;B
uf20-0519;655;834;1000;272.08;215.597;1824.58;962.597;2.91449;2.4772;3.85906;1.40761;61;B
uf20-051;934;970;1000;145.349;139.963;442.349;274.963;3.96657;1.3049;4.31204;0.971805;193;B
uf20-0520;897;958;1000;182.128;148.321;645.628;337.321;4.01234;1.37656;4.24172;1.1104;33;B
uf20-0521;921;990;1000;155.809;115.744;511.309;160.744;3.98844;1.27082;4.2599;0.934824;42;B
uf20-0522;998;1000;1000;46.182;43.851;55.182;43.851;3.23512;1.13675;3.42902;0.710681;52;B
uf20-0523;986;996;1000;88.554;77.675;151.554;95.675;3.85168;1.07676;3.95236;0.771148;88;B
uf20-0524;809;975;1000;198.813;136.178;1058.31;248.678;3.46407;1.63038;4.3521;0.871818;80;B
uf20-0525;996;1000;1000;41.984;43.453;59.984;43.453;3.08264;1.03844;3.43989;0.691936;81;B
uf20-0526;868;952;1000;193.163;159.862;787.163;375.862;3.82815;1.59545;4.32708;1.01425;89;B
uf20-0527;965;982;1000;120.275;101.411;277.775;182.411;3.93023;1.34484;3.98304;1.05413;42;B
uf20-0528;863;616;1000;193.066;317.552;809.566;2045.55;3.79183;1.59007;3.0607;2.80309;5;A
uf20-0529;748;952;1000;229.713;143.334;1363.71;359.334;3.15065;2.23373;4.05757;1.38984;23;B
uf20-052;961;994;1000;113.403;94.169;288.903;121.169;3.73799;1.56093;4.0656;0.972965;77;B
uf20-0530;994;987;1000;90.027;118.054;117.027;176.554;3.91572;1.19265;4.24436;0.980408;3;A
uf20-0531;998;999;1000;48.234;55.657;57.234;60.157;3.32414;1.03745;3.5846;0.843985;238;B
uf20-0532;660;817;1000;274.069;224.246;1804.07;1047.75;2.90442;2.62614;3.75079;1.62506;55;B
uf20-0533;744;782;1000;252.344;241.565;1404.34;1222.57;3.4217;2.08194;3.65597;1.77637;153;B
uf20-0534;998;999;1000;79.299;74.125;88.299;78.625;3.92468;0.97589;3.97201;0.710672;71;B
uf20-0535;1000;1000;1000;29.798;37.344;29.798;37.344;3.00648;0.76484;3.30341;0.643603;268;B
uf20-0536;682;699;1000;272.074;285.24;1703.07;1639.74;3.07204;2.50088;3.43324;2.16828;337;B
uf20-0537;986;981;1000;70.125;102.454;133.125;187.954;3.48484;1.19702;3.98527;1.09067;4;A
uf20-0538;932;988;1000;134.321;94.427;440.321;148.427;3.79968;1.36301;3.94049;1.13047;28;B
uf20-0539;1000;996;1000;36.697;63.855;36.697;81.855;3.14285;0.845164;3.59538;1.00904;2;A
uf20-053;915;923;1000;170.025;184.891;552.525;531.391;4.06375;1.31171;4.28473;1.11032;457;B
uf20-0540;988;995;1000;93.639;91.152;147.639;113.652;3.81407;1.38731;4.01893;0.979724;117;B
uf20-0541;998;997;1000;58.008;79.634;67.008;93.134;3.52027;1.01138;3.98712;0.793715;440;A
uf20-0542;848;764;1000;200.586;245.4;884.586;1307.4;3.73885;1.62628;3.5509;1.86379;4;A
uf20-0543;865;864;1000;182.412;215.642;789.912;827.642;3.72574;1.5088;4.10444;1.22886;4;A
uf20-0544;866;932;1000;179.808;158.091;782.808;464.091;3.58578;1.92413;4.02925;1.43617;77;B
uf20-0545;953;973;1000;136.41;151.159;347.91;272.659;4.06487;1.21954;4.44684;0.911225;350;B
uf20-0546;911;959;1000;161.927;161.003;562.427;345.503;3.83433;1.65581;4.39659;0.992538;177;B
uf20-0547;854;965;1000;215.147;152.661;872.147;310.161;3.94162;1.55404;4.38436;0.943586;36;B
uf20-0548;983;989;1000;93.145;111.534;169.645;161.034;3.80738;1.20217;4.21351;0.945036;324;B
uf20-0549;997;1000;1000;61.758;68.949;75.258;68.949;3.57397;1.08244;3.82874;0.880623;239;B
uf20-054;990;998;1000;92.139;85.939;137.139;94.939;3.84354;1.41464;3.98791;1.03217;95;B
uf20-0550;668;899;1000;294.943;200.672;1788.94;655.172;3.24384;2.49733;4.26677;1.05522;20;B
uf20-0551;797;733;1000;217.934;257.541;1131.43;1459.04;3.52226;1.81033;3.41037;2.03402;2;A
uf20-0552;709;905;1000;271.521;201.817;1581.02;629.317;3.33538;2.24553;4.30596;1.07157;45;B
uf20-0553;945;955;1000;145.261;161.604;392.761;364.104;4.03182;1.32132;4.35679;1.00244;406;B
uf20-0554;1000;1000;1000;28.986;34.106;28.986;34.106;2.94174;0.818966;3.2501;0.572715;279;A
uf20-0555;988;1000;1000;73.721;49.486;127.721;49.486;3.58327;1.19078;3.54743;0.731782;32;B
uf20-0556;824;962;1000;200.119;157.085;992.119;328.085;3.63716;1.51975;4.41015;0.922925;94;B
uf20-0557;941;999;1000;114.087;73.49;379.587;77.99;3.49703;1.62111;3.85025;0.938046;57;B
uf20-0558;1000;998;1000;63.873;91.012;63.873;100.012;3.68216;1.02789;4.14065;0.800212;2;A
uf20-0559;988;980;1000;85.016;105.904;139.016;195.904;3.68416;1.3865;3.96739;1.13419;3;A
uf20-055;956;995;1000;105.4;74.96;303.4;97.46;3.57404;1.54041;3.76499;1.03895;48;B
uf20-0560;584;810;1000;295.076;219.138;2167.08;1074.14;2.56296;2.89702;3.66035;1.64299;21;B
uf20-0561;968;995;1000;108.726;89.899;252.726;112.399;3.82484;1.327;3.9975;0.999781;61;B
uf20-0562;840;911;1000;204.062;191.601;924.062;592.101;3.78172;1.52153;4.26425;1.10576;147;B
uf20-0563;993;991;1000;75.914;83.001;107.414;123.501;3.671;1.27925;3.7829;1.14261;467;B
uf20-0564;835;992;1000;193.017;119.907;935.517;155.907;3.60434;1.53684;4.30574;0.956809;35;B
uf20-0565;944;998;1000;129.285;76.941;381.285;85.941;3.83831;1.37162;3.91403;0.873142;29;B
uf20-0566;976;999;1000;98.305;90.611;206.305;95.111;3.7027;1.50317;4.07218;0.978414;124;B
uf20-0567;994;1000;1000;43.884;32.667;70.884;32.667;3.09346;1.05495;3.1446;0.657813;26;B
uf20-0568;745;946;1000;198.674;136.081;1346.17;379.081;2.75168;1.9612;3.94482;1.29848;76;B
uf20-0569;812;985;1000;166.155;103.014;1012.15;170.514;3.00551;1.68754;3.99505;1.13805;75;B
uf20-056;927;998;1000;98.291;75.675;426.791;84.675;3.21503;1.33853;3.78974;1.05882;110;B
uf20-0570;999;1000;1000;49.968;43.992;54.468;43.992;3.35529;1.07057;3.47589;0.628954;47;B
uf20-0571;951;998;1000;116.966;88.839;337.466;97.839;3.69885;1.47089;4.05549;0.941541;87;B
uf20-0572;903;957;1000;192.121;173.492;628.621;366.992;4.17057;1.23811;4.50015;0.924278;105;B
uf20-0573;992;994;1000;89.695;94.748;125.695;121.748;3.8742;1.26005;4.02482;1.06587;326;B
uf20-0574;795;994;1000;206.73;96.117;1129.23;123.117;3.27714;2.00857;4.0858;0.933289;35;B
uf20-0575;960;977;1000;118.733;112.649;298.733;216.149;3.83316;1.49061;4.07101;1.06815;80;B
uf20-0576;897;961;1000;174.694;153.324;638.194;328.824;3.99401;1.24348;4.35059;0.968099;89;B
uf20-0577;1000;1000;1000;60.585;56.23;60.585;56.23;3.56725;1.12308;3.62618;0.848062;484;B
uf20-0578;951;932;1000;150.671;164.27;371.171;470.27;4.16361;1.2796;4.18252;1.14487;5;A
uf20-0579;955;927;1000;137.759;183.871;340.259;512.371;4.05686;1.3326;4.33899;1.02369;3;A
uf20-057;999;994;1000;68.717;95.997;73.217;122.997;3.66932;1.20048;4.06319;1.01714;3;A
uf20-0580;995;1000;1000;71.365;70.862;93.865;70.862;3.66349;1.15342;3.91171;0.771296;89;B
uf20-0581;693;947;1000;260.877;153.172;1642.38;391.672;3.05168;2.46469;4.24559;0.99389;43;B
uf20-0582;659;708;1000;307.822;285.911;1842.32;1599.91;3.20062;2.75264;3.47998;2.1805;98;B
uf20-0583;739;919;1000;216.84;165.274;1391.34;529.774;2.99365;2.01843;4.09284;1.11587;100;B
uf20-0584;804;908;1000;220.557;197.134;1102.56;611.134;3.61499;1.7447;4.33141;0.967374;135;B
uf20-0585;996;999;1000;71.851;74.34;89.851;78.84;3.5873;1.35399;3.84665;0.978821;133;B
uf20-0586;587;890;1000;309.452;207.101;2167.95;702.101;2.663;3.08778;4.2543;1.05593;70;B
uf20-0587;926;991;1000;128.268;112.188;461.268;152.688;3.65721;1.36672;4.2252;0.999877;140;B
uf20-0588;1000;1000;1000;33.306;42.333;33.306;42.333;3.01295;0.93756;3.41288;0.722028;127;B
uf20-0589;992;992;1000;75.598;89.344;111.598;125.344;3.68251;1.13978;3.95909;0.979817;481;A
uf20-058;1000;1000;1000;47.164;44.741;47.164;44.741;3.44266;0.871002;3.48589;0.677849;53;B
uf20-0590;839;979;1000;163.191;123.033;887.691;217.533;3.24917;1.6824;4.19182;1.11542;101;B
uf20-0591;490;799;1000;327.174;219.282;2622.17;1123.78;2.09499;3.20813;3.59808;1.62665;38;B
uf20-0592;980;998;1000;94.824;92.129;184.824;101.129;3.80494;1.28424;4.13631;0.854601;123;B
uf20-0593;980;994;1000;98.415;95.341;188.415;122.341;3.86988;1.24064;4.07221;0.973571;118;B
uf20-0594;716;748;1000;281.644;274.862;1559.64;1408.86;3.47918;2.2129;3.70866;1.84604;170;B
uf20-0595;827;872;1000;188.19;197.415;966.69;773.415;3.52585;1.50564;4.01902;1.1616;333;B
uf20-0596;982;978;1000;124.232;142.128;205.232;241.128;4.21521;1.14773;4.45975;0.798628;476;A
uf20-0597;745;886;1000;244.418;196.702;1391.92;709.702;3.34601;2.0701;4.11474;1.20152;91;B
uf20-0598;948;774;1000;149.904;258.56;383.904;1275.56;4.12953;1.26082;3.77458;1.6569;4;A
uf20-0599;604;799;1000;290.675;250.799;2072.68;1155.3;2.66774;2.84082;3.89548;1.52717;125;B
uf20-059;576;670;1000;301.265;295.138;2209.26;1780.14;2.59493;2.90847;3.2965;2.37112;230;B
uf20-05;996;994;1000;77.56;122.425;95.56;149.425;3.84881;1.01255;4.41457;0.786538;2;A
uf20-0600;593;665;1000;306.901;304.701;2138.4;1812.2;2.72875;3.01002;3.29231;2.50479;295;B
uf20-0601;709;803;1000;234.042;227.44;1543.54;1113.94;2.84235;2.2877;3.66714;1.70494;188;B
uf20-0602;976;1000;1000;70.899;60.653;178.899;60.653;3.31355;1.3139;3.71545;0.833481;91;B
uf20-0603;988;996;1000;83.397;65.235;137.397;83.235;3.70465;1.27176;3.65275;0.954354;25;B
uf20-0604;1000;1000;1000;20.489;24.556;20.489;24.556;2.70313;0.598261;2.96973;0.479661;64;B
uf20-0605;969;999;1000;99.7;61.897;239.2;66.397;3.67571;1.3752;3.72629;0.804445;35;B
uf20-0606;788;824;1000;245.609;228.76;1199.61;1020.76;3.72326;1.77769;3.93606;1.32138;77;B
uf20-0607;844;944;1000;216.84;177.198;918.84;429.198;3.89855;1.51442;4.46001;0.857054;103;B
uf20-0608;874;968;1000;176.405;136.078;743.405;280.078;3.68558;1.63223;4.17991;1.19286;60;B
uf20-0609;917;935;1000;170.491;167.303;543.991;459.803;4.04285;1.38153;4.22499;1.13204;144;B
uf20-060;951;983;1000;128.234;115.383;348.734;191.883;3.90597;1.35413;4.18788;0.945808;100;B
uf20-0610;962;994;1000;99.425;87.078;270.425;114.078;3.62159;1.34;3.93904;1.00707;93;B
uf20-0611;934;991;1000;118.492;91.241;415.492;131.741;3.65412;1.31692;4.02672;0.887597;70;B
uf20-0612;652;939;1000;264.166;163.565;1830.17;438.065;2.78609;2.50315;4.21712;1.12847;42;B
uf20-0613;865;957;1000;166.94;149.54;774.44;343.04;3.59736;1.44002;4.24973;1.07329;159;B
uf20-0614;601;942;1000;299.628;167.349;2095.13;428.349;2.77465;2.84178;4.38555;0.826969;36;B
uf20-0615;980;1000;1000;85.551;76.788;175.551;76.788;3.70139;1.16065;4.00843;0.743622;96;B
uf20-0616;825;991;1000;184.655;111.925;972.155;152.425;3.40925;1.65025;4.18745;1.04505;45;B
uf20-0617;1000;1000;1000;33.485;45.844;33.485;45.844;3.1387;0.709264;3.54146;0.585524;292;A
uf20-0618;949;951;1000;150.048;176.956;379.548;397.456;4.13271;1.30207;4.52197;0.816541;431;B
uf20-0619;1000;1000;1000;40.765;53.128;40.765;53.128;3.13227;1.09867;3.50373;0.936534;468;A
uf20-061;919;926;1000;166.447;185.601;530.947;518.601;4.07987;1.22873;4.37419;0.930712;462;B
uf20-0620;1000;1000;1000;27.711;42.578;27.711;42.578;2.93319;0.729043;3.41492;0.716605;2;A
uf20-0621;986;883;1000;108.374;213.031;171.374;739.531;4.08398;1.15983;4.21941;1.16019;2;A
uf20-0622;952;993;1000;107.098;78.116;323.098;109.616;3.50585;1.59239;3.80123;1.06235;68;B
uf20-0623;982;998;1000;102.103;85.723;183.103;94.723;4.02631;1.01695;4.08329;0.766395;39;B
uf20-0624;981;1000;1000;72.38;65.493;157.88;65.493;3.49311;1.18239;3.8561;0.680121;92;B
uf20-0625;908;874;1000;176.181;218.267;590.181;785.267;4.05733;1.27504;4.21834;1.11828;5;A
uf20-0626;998;1000;1000;64.578;59.045;73.578;59.045;3.73192;0.876721;3.80377;0.573791;55;B
uf20-0627;998;1000;1000;59.545;51.292;68.545;51.292;3.4067;1.3;3.51604;0.876319;49;B
uf20-0628;891;975;1000;150.16;122.736;640.66;235.236;3.51229;1.57646;4.13237;1.09937;102;B
uf20-0629;972;994;1000;91.293;81.471;217.293;108.471;3.51025;1.52124;3.97219;0.822491;96;B
uf20-062;995;1000;1000;79.187;58.483;101.687;58.483;3.71891;1.38851;3.69905;0.770239;29;B
uf20-0630;548;805;1000;327.838;243.622;2361.84;1121.12;2.52755;3.36008;3.85442;1.57923;42;B
uf20-0631;970;976;1000;130.711;145.843;265.711;253.843;4.15987;1.14276;4.438;0.88101;436;B
uf20-0632;987;953;1000;111.228;148.559;169.728;360.059;4.04503;1.34453;4.18522;1.15817;3;A
uf20-0633;1000;1000;1000;43.404;54.79;43.404;54.79;3.33984;0.845121;3.66239;0.729884;338;A
uf20-0634;1000;1000;1000;32.747;39.11;32.747;39.11;3.11096;0.760476;3.32567;0.722808;223;A
uf20-0635;932;992;1000;176.99;118.26;482.99;154.26;4.24817;1.2766;4.32463;0.881894;29;B
uf20-0636;964;979;1000;94.077;129.43;256.077;223.93;3.58099;1.30748;4.24737;1.07335;419;B
uf20-0637;980;960;1000;100.78;131.278;190.78;311.278;3.8548;1.27992;4.18677;0.906943;4;A
uf20-0638;987;998;1000;101.728;81.236;160.228;90.236;3.95996;1.26071;3.97919;0.903606;51;B
uf20-0639;853;941;1000;199.099;164.406;860.599;429.906;3.69531;1.84073;4.2825;1.0451;99;B
uf20-063;1000;1000;1000;55.598;69.804;55.598;69.804;3.57396;0.946979;3.89189;0.778741;355;A
uf20-0640;1000;999;1000;42.72;57.302;42.72;61.802;3.27694;0.922316;3.65787;0.780906;369;=
uf20-0641;911;946;1000;166.6;154.629;567.1;397.629;3.96295;1.38998;4.20277;1.13009;130;B
uf20-0642;996;1000;1000;46.168;49.712;64.168;49.712;3.16187;1.15938;3.5018;0.827952;97;B
uf20-0643;1000;1000;1000;46.759;61.087;46.759;61.087;3.32284;1.02333;3.69544;0.855453;437;A
uf20-0644;996;999;1000;81.437;67.798;99.437;72.298;3.75914;1.32501;3.85578;0.760852;59;B
uf20-0645;968;913;1000;111.321;175.241;255.321;566.741;3.87201;1.33147;4.05824;1.36193;2;A
uf20-0646;990;966;1000;92.619;140.368;137.619;293.368;3.93378;1.10963;4.28261;0.994897;4;A
uf20-0647;983;966;1000;122.064;158.836;198.564;311.836;4.24519;1.01781;4.50799;0.783919;5;A
uf20-0648;968;1000;1000;113.723;68.099;257.723;68.099;3.89114;1.38462;3.82249;0.862036;20;B
uf20-0649;1000;1000;1000;43.203;68.788;43.203;68.788;3.24176;0.978665;3.7311;1.04521;3;A
uf20-064;912;964;1000;138.742;122.301;534.742;284.301;3.58371;1.54136;4.03704;1.10873;113;B
uf20-0650;1000;1000;1000;37.544;33.762;37.544;33.762;3.02696;1.01813;3.15748;0.723184;58;B
uf20-0651;954;1000;1000;97.842;64.886;304.842;64.886;3.48526;1.36154;3.78807;0.829174;66;B
uf20-0652;813;931;1000;233.696;182.38;1075.2;492.88;3.80038;1.68585;4.35642;1.01325;40;B
uf20-0653;998;1000;1000;35.913;40.017;44.913;40.017;3.08835;0.822689;3.37433;0.646145;106;B
uf20-0654;880;957;1000;166.883;137.778;706.883;331.278;3.63004;1.64274;4.12087;1.19838;87;B
uf20-0655;995;1000;1000;61.064;56.405;83.564;56.405;3.41222;1.26621;3.60267;0.88195;71;B
uf20-0656;896;887;1000;178.275;208.872;646.275;717.372;3.95149;1.40988;4.20659;1.18792;4;A
uf20-0657;999;1000;1000;58.667;49.415;63.167;49.415;3.52835;1.1434;3.57266;0.707798;45;B
uf20-0658;998;1000;1000;80.379;78.411;89.379;78.411;3.83673;1.19204;3.98135;0.83922;115;B
uf20-0659;1000;1000;1000;39.649;43.943;39.649;43.943;3.14111;1.01352;3.40478;0.775899;82;B
uf20-065;998;999;1000;63.232;84.972;72.232;89.472;3.65603;0.968449;4.08287;0.752931;446;=
uf20-0660;964;986;1000;151.666;135.053;313.666;198.053;4.29865;1.21676;4.43213;0.868395;71;B
uf20-0661;999;1000;1000;80.795;72.111;85.295;72.111;3.84042;1.15628;3.93048;0.748151;65;B
uf20-0662;999;1000;1000;54.569;42.37;59.069;42.37;3.40578;1.1893;3.40198;0.737069;40;B
uf20-0663;987;999;1000;91.248;70.987;149.748;75.487;3.8409;1.20266;3.9498;0.668742;61;B
uf20-0664;850;951;1000;196.873;161.361;871.873;381.861;3.76362;1.50446;4.35587;0.944528;100;B
uf20-0665;999;1000;1000;32.061;37.305;36.561;37.305;3.01296;0.835835;3.28788;0.69083;244;B
uf20-0666;795;867;1000;196.36;206.612;1118.86;805.112;3.28252;1.71725;4.04169;1.24756;271;B
uf20-0667;902;968;1000;175.572;139.033;616.572;283.033;3.94339;1.53928;4.26266;1.08486;61;B
uf20-0668;988;998;1000;82.153;82.718;136.153;91.718;3.70528;1.22362;4.05469;0.743066;120;B
uf20-0669;801;966;1000;223.161;153.805;1118.66;306.805;3.70656;1.51189;4.41516;0.914522;16;B
uf20-066;863;997;1000;159.959;80.921;776.459;94.421;3.44815;1.5846;3.98506;0.837068;42;B
uf20-0670;963;966;1000;142.125;148.622;308.625;301.622;4.2363;1.11073;4.36221;0.943403;364;B
uf20-0671;973;997;1000;89.301;88.487;210.801;101.987;3.51066;1.5365;3.93992;1.16531;142;B
uf20-0672;823;882;1000;208.86;200.112;1005.36;731.112;3.65306;1.67507;4.12352;1.15809;176;B
uf20-0673;996;1000;1000;52.662;57.056;70.662;57.056;3.24621;1.22652;3.618;0.882399;117;B
uf20-0674;896;978;1000;155.867;141.082;623.867;240.082;3.7928;1.20749;4.43761;0.841242;167;B
uf20-0675;887;893;1000;179.887;195.589;688.387;677.089;3.8706;1.49698;4.19153;1.07467;279;B
uf20-0676;1000;1000;1000;42.617;44.274;42.617;44.274;3.30844;0.885056;3.47014;0.6707;75;B
uf20-0677;998;991;1000;68.624;111.561;77.624;152.061;3.7562;1.02072;4.23512;0.944257;3;A
uf20-0678;814;724;1000;223.183;285.125;1060.18;1527.12;3.72982;1.63669;3.62711;1.95384;2;A
uf20-0679;976;1000;1000;100.779;86.988;208.779;86.988;3.75503;1.40366;4.04511;0.937444;103;B
uf20-067;1000;1000;1000;39.98;53.318;39.98;53.318;3.2083;0.944632;3.60268;0.841789;191;B
uf20-0680;968;982;1000;122.108;140.146;266.108;221.146;4.12053;1.00002;4.48121;0.780507;346;B
uf20-0681;978;997;1000;102.787;69.925;201.787;83.425;3.80015;1.48132;3.68247;1.12373;17;B
uf20-0682;1000;1000;1000;46.478;61.271;46.478;61.271;3.39119;0.930038;3.79015;0.698999;395;B
uf20-0683;655;756;1000;247.459;246.741;1799.96;1344.74;2.66905;2.28873;3.52544;1.8036;258;B
uf20-0684;727;712;1000;264.252;281.113;1492.75;1577.11;3.38463;2.20269;3.46642;2.14837;4;A
uf20-0685;917;951;1000;153.371;142.039;526.871;362.539;3.7464;1.73532;4.12264;1.13857;105;B
uf20-0686;650;859;1000;255.443;201.772;1830.44;836.272;2.62235;2.49539;3.86315;1.51632;98;B
uf20-0687;561;800;1000;265.1;225.562;2240.6;1125.56;2.0079;2.24021;3.61937;1.72543;142;B
uf20-0688;911;963;1000;165.271;159.621;565.771;326.121;3.84649;1.72333;4.38668;1.07438;139;B
uf20-0689;1000;1000;1000;52.451;52.05;52.451;52.05;3.49892;0.963599;3.61984;0.722573;85;B
uf20-068;991;1000;1000;94.876;73.481;135.376;73.481;3.89198;1.30317;3.91352;0.838767;52;B
uf20-0690;1000;1000;1000;34.323;39.881;34.323;39.881;3.05506;0.894365;3.37213;0.657233;371;A
uf20-0691;778;732;1000;246.878;282.381;1245.88;1488.38;3.65898;1.84703;3.65735;1.95011;2;A
uf20-0692;895;924;1000;195.036;183.374;667.536;525.374;4.11531;1.35921;4.29415;1.09509;49;B
uf20-0693;963;904;1000;133.676;197.066;300.176;629.066;4.16361;1.08433;4.25249;1.1061;2;A
uf20-0694;668;841;1000;272.457;207.13;1766.46;922.63;2.98455;2.5377;3.79046;1.51576;26;B
uf20-0695;987;982;1000;96.915;126.621;155.415;207.621;4.01305;1.03164;4.30502;0.904894;2;A
uf20-0696;960;996;1000;99.036;88.168;279.036;106.168;3.54119;1.50969;3.96607;1.06538;112;B
uf20-0697;999;1000;1000;50.276;38.26;54.776;38.26;3.34348;1.0861;3.3022;0.678238;26;B
uf20-0698;917;985;1000;173.993;129.92;547.493;197.42;4.15522;1.13246;4.39985;0.812399;45;B
uf20-0699;921;986;1000;131.864;115.95;487.364;178.95;3.67446;1.2972;4.27401;0.846994;134;B
uf20-069;919;996;1000;156.775;102.601;521.275;120.601;3.98087;1.22408;4.23628;0.817614;43;B
uf20-06;843;831;1000;196.738;220.632;903.238;981.132;3.60585;1.83047;3.80887;1.64205;4;A
uf20-0700;973;965;1000;132.549;154.929;254.049;312.429;4.20781;1.15559;4.4837;0.726077;4;A
uf20-0701;817;810;1000;225.793;232.969;1049.29;1087.97;3.76848;1.64171;3.85608;1.4283;469;A
uf20-0702;1000;1000;1000;37.458;36.416;37.458;36.416;3.0964;0.996215;3.24394;0.715306;51;B
uf20-0703;999;1000;1000;42.881;54.216;47.381;54.216;3.18373;1.06541;3.59759;0.877564;179;B
uf20-0704;972;996;1000;103.84;81.635;229.84;99.635;3.76081;1.43732;3.94133;0.907431;68;B
uf20-0705;930;982;1000;170.788;135.442;485.788;216.442;4.18008;1.29537;4.39838;0.866611;53;B
uf20-0706;1000;1000;1000;31.523;38.312;31.523;38.312;2.89614;0.972561;3.28658;0.744694;105;B
uf20-0707;957;984;1000;113.442;104.98;306.942;176.98;3.76368;1.39566;4.07079;1.02514;96;B
uf20-0708;798;908;1000;221.736;192.721;1130.74;606.721;3.55749;1.78827;4.26364;1.0818;133;B
uf20-0709;1000;1000;1000;63.932;82.822;63.932;82.822;3.70715;0.99399;4.0566;0.807048;434;B
uf20-070;995;1000;1000;49.599;44.597;72.099;44.597;3.1255;1.31595;3.36842;0.859946;62;B
uf20-0710;800;948;1000;195.503;153.727;1095.5;387.727;3.26752;1.87529;4.2423;1.0328;111;B
uf20-0711;967;928;1000;149.092;175.634;297.592;499.634;4.2656;1.33324;4.28928;0.99382;2;A
uf20-0712;785;904;1000;227.367;180.489;1194.87;612.489;3.5276;1.79541;4.10407;1.1327;39;B
uf20-0713;985;998;1000;79.38;79.025;146.88;88.025;3.52286;1.47123;3.85187;1.10562;114;B
uf20-0714;1000;1000;1000;39.157;52.165;39.157;52.165;3.20215;0.900897;3.57353;0.793858;424;A
uf20-0715;778;953;1000;226.658;167.413;1225.66;378.913;3.45921;1.8481;4.42074;0.932078;72;B
uf20-0716;668;941;1000;271.275;172.742;1765.28;438.242;3.04285;2.39618;4.41142;0.826342;49;B
uf20-0717;508;613;1000;327.786;314.919;2541.79;2056.42;2.25181;3.29446;3.00062;2.84998;178;B
uf20-0718;963;996;1000;111.252;88.299;277.752;106.299;3.78849;1.34749;4.06521;0.8437;89;B
uf20-0719;841;991;1000;206.297;124.073;921.797;164.573;3.74196;1.69673;4.35749;0.948543;36;B
uf20-071;995;1000;1000;72.787;67.083;95.287;67.083;3.64491;1.25049;3.86049;0.758649;75;B
uf20-0720;885;942;1000;171.368;156.666;688.868;417.666;3.7803;1.48424;4.21454;1.06264;128;B
uf20-0721;982;996;1000;78.164;71.712;159.164;89.712;3.46204;1.427;3.69883;1.08525;75;B
uf20-0722;999;1000;1000;54.942;50.684;59.442;50.684;3.42734;1.1684;3.5933;0.714496;54;B
uf20-0723;807;946;1000;197.365;147.412;1065.87;390.412;3.34596;1.85672;4.13863;1.10224;71;B
uf20-0724;1000;1000;1000;25.145;27.898;25.145;27.898;2.86957;0.692092;3.05355;0.544923;137;B
uf20-0725;927;901;1000;142.84;203.427;471.34;648.927;3.93153;1.18489;4.32112;0.968837;6;A
uf20-0726;869;980;1000;147.504;112.178;737.004;202.178;3.29972;1.5934;4.08942;1.0764;94;B
uf20-0727;997;999;1000;57.767;73.547;71.267;78.047;3.55315;0.994907;3.87809;0.873107;393;B
uf20-0728;615;722;1000;280.752;262.712;2013.25;1513.71;2.6596;2.75386;3.40611;2.0529;154;B
uf20-0729;969;956;1000;126.537;158.051;266.037;356.051;4.13922;1.12671;4.39695;0.871528;4;A
uf20-072;995;965;1000;86.181;140.489;108.681;297.989;3.93105;1.09173;4.28507;0.958037;3;A
uf20-0730;933;1000;1000;125.507;59.138;427.007;59.138;3.58456;1.6221;3.60992;0.941786;17;B
uf20-0731;851;986;1000;185.189;114.293;855.689;177.293;3.6731;1.49128;4.2101;0.940133;34;B
uf20-0732;992;1000;1000;69.527;60.791;105.527;60.791;3.53499;1.26636;3.71748;0.842456;75;B
uf20-0733;937;826;1000;149.161;244.01;432.661;1027.01;4.07129;1.16599;4.05454;1.33158;3;A
uf20-0734;964;997;1000;81.098;82.186;243.098;95.686;3.26052;1.49368;3.81086;1.21058;158;B
uf20-0735;967;978;1000;142.766;140.92;291.266;239.92;4.29949;0.987294;4.44692;0.792795;160;B
uf20-0736;863;894;1000;193.347;199.345;809.847;676.345;3.82316;1.49645;4.21276;1.13059;239;B
uf20-0737;948;928;1000;136.554;143.897;370.554;467.897;3.92995;1.41176;3.93946;1.15339;329;A
uf20-0738;998;998;1000;63.753;72.251;72.753;81.251;3.61015;1.07994;3.87787;0.835136;275;B
uf20-0739;829;907;1000;189.243;180.005;958.743;598.505;3.39923;1.84198;4.1128;1.21573;156;B
uf20-073;730;893;1000;233.334;190.31;1448.33;671.81;3.12771;2.04815;4.03759;1.37696;97;B
uf20-0740;861;907;1000;196.415;188.207;821.915;606.707;3.84792;1.4993;4.19886;1.1325;112;B
uf20-0741;991;995;1000;92.859;73.17;133.359;95.67;3.77761;1.5626;3.72188;1.08573;31;B
uf20-0742;1000;1000;1000;41.743;43.653;41.743;43.653;3.17625;1.0082;3.36719;0.825616;107;B
uf20-0743;952;963;1000;145.669;148.379;361.669;314.879;4.16956;1.11359;4.34635;0.935696;232;B
uf20-0744;897;964;1000;153.047;134.557;616.547;296.557;3.62577;1.61149;4.13418;1.19415;133;B
uf20-0745;999;997;1000;65.837;75.452;70.337;88.952;3.63852;1.13064;3.91985;0.812422;427;B
uf20-0746;999;1000;1000;56.937;56.379;61.437;56.379;3.61352;0.847027;3.67965;0.708958;203;B
uf20-0747;1000;997;1000;68.288;85.152;68.288;98.652;3.7663;1.01408;4.01177;0.908051;3;A
uf20-0748;964;1000;1000;74.445;54.477;236.445;54.477;3.214;1.26803;3.53878;0.944165;80;B
uf20-0749;991;999;1000;98.042;76.1;138.542;80.6;3.98741;1.18121;3.93965;0.828174;35;B
uf20-074;928;731;1000;176.157;282.259;500.157;1492.76;4.2637;1.11995;3.62873;1.98639;4;A
uf20-0750;740;860;1000;271.969;227.982;1441.97;857.982;3.56153;2.08432;4.18205;1.213;82;B
uf20-0751;964;989;1000;121.248;123.478;283.248;172.978;3.99118;1.19922;4.33554;0.941336;194;B
uf20-0752;970;994;1000;90.997;98.579;225.997;125.579;3.59618;1.3459;4.08746;1.07296;195;B
uf20-0753;987;996;1000;100.292;100.326;158.792;118.326;3.93976;1.31958;4.18337;0.883733;109;B
uf20-0754;991;977;1000;79.83;120.223;120.33;223.723;3.64819;1.40035;4.11382;1.17532;3;A
uf20-0755;964;976;1000;140.404;130.189;302.404;238.189;4.19861;1.1622;4.35877;0.750533;98;B
uf20-0756;1000;1000;1000;60.929;69.816;60.929;69.816;3.62843;1.01095;3.92466;0.735512;407;A
uf20-0757;994;984;1000;87.014;122.273;114.014;194.273;3.87266;1.19931;4.29297;0.895394;3;A
uf20-0758;998;1000;1000;68.362;60.952;77.362;60.952;3.6178;1.30165;3.68545;0.922709;47;B
uf20-0759;885;898;1000;186.406;190.342;703.906;649.342;3.92477;1.47703;4.19297;1.01856;195;B
uf20-075;1000;998;1000;39.249;52.656;39.249;61.656;3.21052;0.813899;3.55115;0.770105;342;B
uf20-0760;988;999;1000;57.971;68.722;111.971;73.222;3.28808;1.15776;3.81209;0.86065;147;B
uf20-0761;997;1000;1000;57.549;65.804;71.049;65.804;3.48811;1.03925;3.78062;0.88834;178;B
uf20-0762;476;755;1000;342.304;257.263;2700.3;1359.76;2.10905;3.51258;3.5811;1.92908;38;B
uf20-0763;895;858;1000;178.109;208.771;650.609;847.771;3.94203;1.38221;3.98871;1.2745;4;A
uf20-0764;609;567;1000;297.564;336.012;2057.06;2284.51;2.75112;2.86624;2.83466;3.21091;5;A
uf20-0765;832;828;1000;204.139;220.288;960.139;994.288;3.63007;1.75226;3.8341;1.51368;472;A
uf20-0766;917;990;1000;124.705;88.3;498.205;133.3;3.47234;1.5095;3.89776;1.05819;69;B
uf20-0767;999;1000;1000;37.029;32.366;41.529;32.366;3.07134;0.966655;3.13156;0.65432;30;B
uf20-0768;985;997;1000;80.049;77.252;147.549;90.752;3.46049;1.52522;3.80432;1.07566;124;B
uf20-0769;762;968;1000;233.796;155.526;1304.8;299.526;3.41611;1.91218;4.44319;0.941305;58;B
uf20-076;925;900;1000;166.334;197.88;503.834;647.88;4.08697;1.33826;4.21856;1.14416;2;A
uf20-0770;966;951;1000;128.011;152.252;281.011;372.752;4.03365;1.34012;4.20427;1.16433;2;A
uf20-0771;607;822;1000;304.014;231.394;2072.51;1032.39;2.82139;2.90795;3.86222;1.54129;24;B
uf20-0772;997;1000;1000;39.128;30.843;52.628;30.843;2.98484;1.07137;3.06651;0.687923;37;B
uf20-0773;1000;1000;1000;39.897;61.749;39.897;61.749;3.22857;0.851962;3.78907;0.691782;391;A
uf20-0774;995;999;1000;68.611;78.134;91.111;82.634;3.58034;1.22352;3.93022;0.897064;161;B
uf20-0775;762;809;1000;254.217;242.221;1325.22;1101.72;3.55889;1.99989;3.91032;1.46506;143;B
uf20-0776;991;1000;1000;69.619;43.714;110.119;43.714;3.4592;1.41634;3.44217;0.683979;36;B
uf20-0777;547;647;1000;314.638;298.613;2353.14;1887.11;2.39449;3.18681;3.10505;2.64871;171;B
uf20-0778;829;965;1000;177.795;135.358;947.295;292.858;3.34945;1.70237;4.19752;1.07316;97;B
uf20-0779;950;998;1000;116.765;77.647;341.765;86.647;3.80994;1.23737;3.96902;0.836276;39;B
uf20-077;951;997;1000;129.682;86.29;350.182;99.79;3.85374;1.47403;4.01103;0.908943;45;B
uf20-0780;927;989;1000;145.711;100.602;474.211;150.102;3.85384;1.44604;4.0456;1.05752;31;B
uf20-0781;950;956;1000;136.953;141.415;361.953;339.415;4.01405;1.25751;4.2129;0.942993;277;B
uf20-0782;810;619;1000;214.003;306.338;1069;2020.84;3.58497;1.74635;2.97424;2.78149;4;A
uf20-0783;820;757;1000;249.659;269.598;1059.66;1363.1;4.00949;1.5306;3.74646;1.74391;4;A
uf20-0784;991;975;1000;83.149;120.664;123.649;233.164;3.76366;1.2764;4.09442;1.14998;1;A
uf20-0785;984;1000;1000;87.285;73.066;159.285;73.066;3.64989;1.4239;3.86947;0.918948;81;B
uf20-0786;912;988;1000;121.24;91.822;517.24;145.822;3.18933;1.85781;3.78886;1.3648;82;B
uf20-0787;1000;1000;1000;27.125;39.499;27.125;39.499;2.72831;0.926291;3.24181;0.884496;194;B
uf20-0788;988;1000;1000;91.05;67.822;145.05;67.822;3.8607;1.26465;3.81412;0.874055;29;B
uf20-0789;947;953;1000;141.912;159.862;380.412;371.362;4.07198;1.25601;4.31787;1.06188;473;B
uf20-078;1000;999;1000;59.514;67.871;59.514;72.371;3.58057;1.07052;3.8328;0.801886;437;=
uf20-0790;804;965;1000;176.017;121.214;1058.02;278.714;3.05526;1.74189;3.9731;1.24745;64;B
uf20-0791;626;617;1000;312.343;320.787;1995.34;2044.29;3.0473;2.84821;3.08841;2.82676;4;A
uf20-0792;1000;1000;1000;24.811;44.564;24.811;44.564;2.86171;0.653032;3.46003;0.708192;2;A
uf20-0793;997;991;1000;78.723;100.971;92.223;141.471;3.83006;1.16953;4.1095;0.978995;1;A
uf20-0794;980;998;1000;104.05;99.317;194.05;108.317;3.99952;1.04205;4.22033;0.834234;137;B
uf20-0795;984;991;1000;94.128;93.098;166.128;133.598;3.78156;1.40234;3.97148;1.05404;139;B
uf20-0796;988;986;1000;118.626;125.49;172.626;188.49;4.20076;1.14355;4.32778;0.902391;499;A
uf20-0797;983;989;1000;85.49;100.025;161.99;149.525;3.59058;1.48265;3.9993;1.19052;316;B
uf20-0798;982;991;1000;111.253;107.485;192.253;147.985;4.10791;1.02981;4.24648;0.809994;132;B
uf20-0799;958;992;1000;109.532;106.114;298.532;142.114;3.83062;1.12937;4.25111;0.804785;169;B
uf20-079;999;1000;1000;42.441;38.777;46.941;38.777;3.16165;1.11622;3.29768;0.747;53;B
uf20-07;961;999;1000;75.184;67.36;250.684;71.86;3.15574;1.29043;3.73978;0.925837;110;B
uf20-0800;949;943;1000;115.698;153.906;345.198;410.406;3.65229;1.44961;4.21571;1.02233;484;A
uf20-0801;927;992;1000;134.402;91.471;462.902;127.471;3.65035;1.59191;3.97927;1.01871;54;B
uf20-0802;951;991;1000;121.59;110.322;342.09;150.822;3.77403;1.42183;4.18468;1.04096;118;B
uf20-0803;995;1000;1000;57.728;46.743;80.228;46.743;3.27696;1.37899;3.41454;0.853996;46;B
uf20-0804;1000;1000;1000;28.31;32.26;28.31;32.26;2.9579;0.752772;3.12668;0.681692;244;B
uf20-0805;901;934;1000;184.228;175.326;629.728;472.326;4.03293;1.51384;4.2877;1.14893;131;B
uf20-0806;812;976;1000;217.892;145.127;1063.89;253.127;3.63501;1.69532;4.43933;0.851455;67;B
uf20-0807;998;997;1000;84.79;103.277;93.79;116.777;3.92556;1.14981;4.20101;0.941416;478;A
uf20-0808;900;930;1000;173.296;182.992;623.296;497.992;3.95969;1.33226;4.35578;0.978059;292;B
uf20-0809;1000;1000;1000;39.742;39.351;39.742;39.351;3.18305;0.929475;3.34;0.69337;68;B
uf20-080;998;1000;1000;41.811;37.437;50.811;37.437;3.15202;1.0329;3.28488;0.69063;49;B
uf20-0810;998;1000;1000;50.53;47.075;59.53;47.075;3.40882;0.971048;3.51889;0.702709;68;B
uf20-0811;999;1000;1000;41.32;43.859;45.82;43.859;3.20804;0.884013;3.4591;0.668279;93;B
uf20-0812;768;812;1000;233.648;240.146;1277.65;1086.15;3.4261;1.94459;3.89923;1.49355;266;B
uf20-0813;1000;1000;1000;21.19;23.047;21.19;23.047;2.76128;0.552043;2.94104;0.393731;37;B
uf20-0814;969;998;1000;88.749;75.826;228.249;84.826;3.46973;1.51544;3.78662;1.12676;94;B
uf20-0815;733;775;1000;250.612;255.038;1452.11;1267.54;3.33768;2.09148;3.76375;1.65777;247;B
uf20-0816;966;994;1000;115.576;106.464;268.576;133.464;3.90418;1.32146;4.19832;0.979322;147;B
uf20-0817;988;1000;1000;72.739;51.261;126.739;51.261;3.54457;1.20909;3.60349;0.686314;49;B
uf20-0818;912;992;1000;162.675;110.005;558.675;146.005;3.87091;1.51841;4.285;0.802183;70;B
uf20-0819;1000;1000;1000;27.647;30.931;27.647;30.931;2.9308;0.752543;3.16165;0.546558;191;B
uf20-081;905;895;1000;182.049;197.264;609.549;669.764;4.14203;1.1351;4.22752;1.03434;3;A
uf20-0820;1000;1000;1000;27.439;32.102;27.439;32.102;2.95836;0.683456;3.18152;0.562339;87;A
uf20-0821;996;1000;1000;72.388;64.187;90.388;64.187;3.63699;1.28092;3.78994;0.790111;61;B
uf20-0822;1000;1000;1000;38.964;43.145;38.964;43.145;3.16909;0.974889;3.40078;0.764756;118;B
uf20-0823;908;947;1000;148.169;162.275;562.169;400.775;3.67896;1.53323;4.28738;1.08095;296;B
uf20-0824;998;1000;1000;65.259;62.159;74.259;62.159;3.59475;1.22536;3.75989;0.795884;71;B
uf20-0825;563;718;1000;295.684;257.082;2262.18;1526.08;2.40822;2.86951;3.29635;2.08337;62;B
uf20-0826;940;980;1000;137.85;130.713;407.85;220.713;4.01276;1.08977;4.34417;0.875747;146;B
uf20-0827;670;753;1000;281.116;257.651;1766.12;1369.15;3.063;2.58054;3.58182;1.86945;97;B
uf20-0828;999;1000;1000;42.815;52.932;47.315;52.932;3.30142;0.842368;3.6412;0.693265;298;B
uf20-0829;862;900;1000;189.807;195.261;810.807;645.261;3.78878;1.54235;4.20637;1.13021;349;B
uf20-082;996;999;1000;84.85;65.051;102.85;69.551;3.75855;1.36813;3.69893;0.971176;39;B
uf20-0830;988;971;1000;92.68;141.079;146.68;271.579;3.9328;1.03281;4.37439;0.839388;3;A
uf20-0831;978;986;1000;113.6;108.438;212.6;171.438;4.04911;1.15564;4.11898;1.01674;97;B
uf20-0832;976;997;1000;102.125;78.774;210.125;92.274;3.7352;1.59124;3.85409;1.03875;42;B
uf20-0833;986;983;1000;108.961;123.502;171.961;200.002;3.99251;1.4108;4.24414;1.04238;2;A
uf20-0834;885;970;1000;158.132;116.388;675.632;251.388;3.56016;1.65062;4.03699;1.09488;59;B
uf20-0835;997;1000;1000;29.509;37.336;43.009;37.336;2.89527;0.724675;3.26137;0.706488;138;B
uf20-0836;876;973;1000;173.57;126.213;731.57;247.713;3.75923;1.44065;4.1773;1.05049;47;B
uf20-0837;811;866;1000;213.426;223.25;1063.93;826.25;3.62158;1.63328;4.18398;1.16026;318;B
uf20-0838;1000;1000;1000;24.662;29.95;24.662;29.95;2.80031;0.682504;3.13259;0.523838;62;B
uf20-0839;706;917;1000;233.088;171.122;1556.09;544.622;2.88237;2.23011;4.07032;1.28948;76;B
uf20-083;990;1000;1000;70.904;47.662;115.904;47.662;3.63515;1.06813;3.51602;0.719777;21;B
uf20-0840;873;838;1000;166.729;244.188;738.229;973.188;3.74763;1.25804;4.13957;1.26713;5;A
uf20-0841;717;927;1000;252.622;175.801;1526.12;504.301;3.2187;2.19194;4.25879;1.07649;51;B
uf20-0842;706;839;1000;255.131;213.861;1578.13;938.361;3.15041;2.23397;3.86488;1.43076;47;B
uf20-0843;998;1000;1000;58.092;42.768;67.092;42.768;3.46883;1.15317;3.37847;0.753695;18;B
uf20-0844;1000;1000;1000;39.722;54.008;39.722;54.008;3.20473;0.930934;3.62565;0.795898;319;B
uf20-0845;994;999;1000;66.331;85.449;93.331;89.949;3.55938;1.13432;4.08009;0.825891;214;B
uf20-0846;1000;1000;1000;32.557;42.01;32.557;42.01;3.06244;0.807275;3.38074;0.752055;270;A
uf20-0847;900;966;1000;156.204;142.653;606.204;295.653;3.80835;1.32463;4.27825;1.08585;168;B
uf20-0848;753;824;1000;226.406;225.856;1337.91;1017.86;3.20515;2.07592;3.85589;1.50194;237;B
uf20-0849;719;873;1000;251.139;206.622;1515.64;778.122;3.20967;2.1679;4.10793;1.18769;104;B
uf20-084;723;923;1000;219.209;163.767;1465.71;510.267;2.8933;2.06409;4.04471;1.30805;89;B
uf20-0850;988;987;1000;84.015;105.133;138.015;163.633;3.76764;1.22698;4.07467;1.06837;491;A
uf20-0851;854;873;1000;198.229;198.465;855.229;769.965;3.71195;1.82118;3.9794;1.36583;148;B
uf20-0852;995;1000;1000;55.282;65.214;77.782;65.214;3.32142;1.2099;3.77506;0.86991;134;B
uf20-0853;692;906;1000;246.853;194.54;1632.85;617.54;2.92939;2.31991;4.22612;1.13509;94;B
uf20-0854;997;1000;1000;71.3;62.498;84.8;62.498;3.65902;1.21012;3.78049;0.764413;69;B
uf20-0855;702;790;1000;254.8;251.323;1595.8;1196.32;3.07243;2.37142;3.81156;1.65817;220;B
uf20-0856;1000;1000;1000;12.817;18.08;12.817;18.08;2.33964;0.379453;2.71697;0.359304;58;B
uf20-0857;887;961;1000;165.629;142.388;674.129;317.888;3.66802;1.6375;4.22749;1.06482;122;B
uf20-0858;897;745;1000;195.166;273.755;658.666;1421.26;4.13915;1.31638;3.67261;1.86809;6;A
uf20-0859;1000;999;1000;62.767;82.77;62.767;87.27;3.55572;1.18848;3.97899;0.945123;455;=
uf20-085;804;674;1000;202.05;293.403;1084.05;1760.4;3.43232;1.72596;3.26539;2.47833;3;A
uf20-0860;1000;1000;1000;28.428;33.864;28.428;33.864;2.94545;0.705132;3.22583;0.616955;94;B
uf20-0861;993;1000;1000;71.17;69.14;102.67;69.14;3.54609;1.33698;3.79396;0.948451;90;B
uf20-0862;1000;1000;1000;41.043;39.209;41.043;39.209;3.15069;1.02317;3.31595;0.69891;54;B
uf20-0863;790;863;1000;224.349;200.098;1169.35;816.598;3.52835;1.85486;3.89195;1.47883;23;B
uf20-0864;999;999;1000;60.683;63.353;65.183;67.853;3.56219;1.09777;3.76167;0.807086;441;A
uf20-0865;944;995;1000;151.062;96.458;403.062;118.958;4.00196;1.62488;4.12588;0.918934;42;B
uf20-0866;965;977;1000;117.224;127.201;274.724;230.701;3.80327;1.59101;4.21472;1.10033;221;B
uf20-0867;724;972;1000;247.909;142.952;1489.91;268.952;3.18696;2.20433;4.40343;0.848049;61;B
uf20-0868;1000;1000;1000;30.062;31.457;30.062;31.457;2.985;0.800398;3.16041;0.59824;50;B
uf20-0869;918;952;1000;162.805;157.39;531.805;373.39;3.9775;1.40628;4.33602;0.938148;148;B
uf20-086;1000;1000;1000;42.34;44.366;42.34;44.366;3.37656;0.72022;3.50027;0.60755;318;B
uf20-0870;976;1000;1000;92.73;63.281;200.73;63.281;3.71362;1.29872;3.83565;0.687836;56;B
uf20-0871;803;988;1000;220.425;110.755;1106.92;164.755;3.56367;1.85627;4.14724;1.0885;16;B
uf20-0872;999;1000;1000;60.589;61.242;65.089;61.242;3.51451;1.20171;3.67744;0.89523;480;=
uf20-0873;882;915;1000;185.892;188.173;716.892;570.673;3.93302;1.39769;4.25785;1.11401;251;B
uf20-0874;1000;1000;1000;31.363;36.217;31.363;36.217;3.04432;0.812578;3.30199;0.604239;112;B
uf20-0875;894;968;1000;144.7;128.663;621.7;272.663;3.55119;1.47394;4.14525;1.10343;140;B
uf20-0876;979;999;1000;100.41;61.308;194.91;65.808;3.78437;1.42066;3.68422;0.865861;25;B
uf20-0877;757;832;1000;236;232.133;1329.5;988.133;3.34302;2.06755;3.9883;1.37714;204;B
uf20-0878;1000;1000;1000;53.903;48.759;53.903;48.759;3.38635;1.20517;3.54809;0.742232;62;B
uf20-0879;944;961;1000;141.576;151.527;393.576;327.027;3.95418;1.41673;4.34849;0.956392;233;B
uf20-087;990;987;1000;71.303;91.113;116.303;149.613;3.54034;1.23596;3.89364;1.0464;3;A
uf20-0880;993;996;1000;71.913;86.824;103.413;104.824;3.64958;1.17278;4.02125;0.907396;256;B
uf20-0881;923;840;1000;139.562;240.812;486.062;960.812;3.86495;1.13215;4.15447;1.17122;3;A
uf20-0882;982;1000;1000;84.52;64.833;165.52;64.833;3.67063;1.25711;3.78747;0.850857;63;B
uf20-0883;709;840;1000;271.153;227.229;1580.65;947.229;3.31507;2.31016;4.04196;1.26329;73;B
uf20-0884;949;865;1000;147.552;220.615;377.052;828.115;4.07854;1.33938;4.13952;1.23901;4;A
uf20-0885;914;979;1000;150.344;130.93;537.344;225.43;3.77104;1.54224;4.25494;1.14452;113;B
uf20-0886;974;994;1000;108.607;112.937;225.607;139.937;3.90062;1.27959;4.27149;0.953317;169;B
uf20-0887;602;566;1000;316.082;329.227;2107.08;2282.23;2.85939;3.07444;2.76482;3.18019;3;A
uf20-0888;886;944;1000;168.181;162.275;681.181;414.275;3.64183;1.76679;4.26518;1.10386;171;B
uf20-0889;987;992;1000;100.245;97.943;158.745;133.943;3.89883;1.42379;4.12786;0.902856;110;B
uf20-088;994;999;1000;75.863;75.684;102.863;80.184;3.64849;1.34307;3.86282;1.01615;117;B
uf20-0890;940;959;1000;131.201;146.537;401.201;331.037;3.72652;1.54875;4.24441;1.08244;210;B
uf20-0891;572;781;1000;315.45;251.359;2241.45;1236.86;2.66253;3.10588;3.74891;1.69197;51;B
uf20-0892;992;998;1000;96.975;78.193;132.975;87.193;3.90962;1.38432;3.90365;0.953363;43;B
uf20-0893;717;900;1000;275.399;194.286;1548.9;644.286;3.41637;2.26709;4.1933;1.1582;21;B
uf20-0894;920;947;1000;170.848;162.93;530.848;401.43;4.03838;1.46067;4.28925;1.09002;111;B
uf20-0895;993;1000;1000;93.309;72.598;124.809;72.598;3.87782;1.36364;3.92415;0.792436;54;B
uf20-0896;599;939;1000;307.15;165.429;2111.65;439.929;2.76805;3.0063;4.25756;1.06959;22;B
uf20-0897;946;981;1000;138.443;111.496;381.443;196.996;3.9574;1.39239;4.08515;1.08187;33;B
uf20-0898;981;988;1000;83.66;108.193;169.16;162.193;3.62903;1.28244;4.15123;0.976852;345;B
uf20-0899;962;993;1000;123.818;91.263;294.818;122.763;3.89997;1.50562;4.01444;1.02761;57;B
uf20-089;973;997;1000;95.23;70.296;216.73;83.796;3.65843;1.42503;3.81719;0.850013;53;B
uf20-08;685;852;1000;257.021;212.829;1674.52;878.829;3.00192;2.36405;3.94378;1.41842;59;B
uf20-0900;989;999;1000;71.223;67.987;120.723;72.487;3.4184;1.51883;3.68966;1.09605;109;B
uf20-0901;790;787;1000;208.34;256.01;1153.34;1214.51;3.35282;1.81046;3.85749;1.55959;3;A
uf20-0902;870;968;1000;166.717;130.471;751.717;274.471;3.51936;1.70389;4.09461;1.28506;99;B
uf20-0903;891;932;1000;163.012;165.334;653.512;471.334;3.72773;1.51797;4.21626;1.05161;248;B
uf20-0904;988;989;1000;98.738;117.819;152.738;167.319;4.02867;1.04996;4.25633;1.01514;496;=
uf20-0905;943;996;1000;104.427;72.532;360.927;90.532;3.40097;1.55235;3.74191;1.0779;64;B
uf20-0906;965;991;1000;108.192;100.15;265.692;140.65;3.82596;1.27824;4.10412;0.945113;109;B
uf20-0907;949;988;1000;130.691;111.569;360.191;165.569;3.88273;1.42785;4.14636;1.0892;83;B
uf20-0908;750;778;1000;239.972;252.113;1364.97;1251.11;3.34425;2.01538;3.72636;1.73365;307;B
uf20-0909;871;947;1000;174.04;155.033;754.54;393.533;3.56944;1.80859;4.19156;1.21709;141;B
uf20-090;1000;1000;1000;43.557;62.354;43.557;62.354;3.32549;0.859936;3.76474;0.781955;382;B
uf20-0910;999;1000;1000;51.736;49.158;56.236;49.158;3.40432;1.03787;3.54682;0.737143;76;B
uf20-0911;1000;1000;1000;32.409;36.18;32.409;36.18;3.05373;0.841774;3.29078;0.618129;300;B
uf20-0912;940;986;1000;144.476;105.989;414.476;168.989;3.9728;1.36503;4.11386;0.958373;46;B
uf20-0913;1000;1000;1000;53.91;51.498;53.91;51.498;3.59435;0.862973;3.55997;0.80995;368;A
uf20-0914;856;945;1000;199.074;169.738;847.074;417.238;3.77056;1.66007;4.38051;0.932511;107;B
uf20-0915;980;998;1000;85.729;79.742;175.729;88.742;3.66311;1.24468;3.94401;0.913838;111;B
uf20-0916;950;982;1000;126.571;122.706;351.571;203.706;3.85271;1.39835;4.25089;1.00882;128;B
uf20-0917;994;1000;1000;88.121;62.117;115.121;62.117;3.93008;1.10328;3.82526;0.669144;35;B
uf20-0918;975;980;1000;118.027;122.913;230.527;212.913;3.98837;1.35799;4.2623;0.924826;172;B
uf20-0919;979;988;1000;96.647;122.209;191.147;176.209;3.81198;1.27942;4.29083;1.02143;327;B
uf20-091;750;698;1000;256.558;277.629;1381.56;1636.63;3.51941;1.98936;3.31395;2.24832;3;A
uf20-0920;895;991;1000;113.861;83.828;586.361;124.328;3.14669;1.34534;3.81215;1.11372;104;B
uf20-0921;984;997;1000;69.836;91.031;141.836;104.531;3.47352;1.16206;4.0821;0.885796;213;B
uf20-0922;978;996;1000;124.624;87.629;223.624;105.629;4.19767;1.10703;4.09346;0.775363;25;B
uf20-0923;999;1000;1000;44.333;44.391;48.833;44.391;3.18925;1.13229;3.39898;0.810437;59;B
uf20-0924;833;758;1000;203.129;265.55;954.629;1354.55;3.75718;1.43625;3.69236;1.8227;2;A
uf20-0925;993;986;1000;84.217;104.713;115.717;167.713;3.74224;1.45718;4.00271;1.2301;1;A
uf20-0926;885;980;1000;166.958;126.328;684.458;216.328;3.74118;1.48751;4.23973;1.0294;59;B
uf20-0927;911;974;1000;158.432;133.498;558.932;250.498;3.82475;1.55935;4.22257;1.15263;64;B
uf20-0928;760;813;1000;257.494;255.175;1337.49;1096.67;3.58212;2.01823;4.02963;1.45543;222;B
uf20-0929;989;987;1000;100.547;121.026;150.047;179.526;4.04088;1.1079;4.31952;0.878762;387;A
uf20-092;996;993;1000;80.713;114.183;98.713;145.683;3.89142;1.01138;4.31743;0.844912;448;A
uf20-0930;790;913;1000;246.474;187.892;1191.47;579.392;3.73887;1.78597;4.28425;1.00652;40;B
uf20-0931;944;995;1000;136.481;92.528;388.481;115.028;3.90836;1.38319;4.08742;0.865048;45;B
uf20-0932;1000;1000;1000;22.068;30.088;22.068;30.088;2.70009;0.674276;3.10271;0.583641;206;B
uf20-0933;534;736;1000;282.961;247.364;2379.96;1435.36;1.98432;2.48842;3.34223;2.01183;143;B
uf20-0934;979;999;1000;95.139;82.187;189.639;86.687;3.82174;1.25291;4.04528;0.819701;82;B
uf20-0935;1000;1000;1000;66.567;68.038;66.567;68.038;3.71656;1.06321;3.79102;0.907358;472;B
uf20-0936;929;886;1000;163.125;202.732;482.625;715.732;4.13541;1.18226;4.16627;1.17187;6;A
uf20-0937;700;802;1000;265.743;232.329;1615.74;1123.33;3.15648;2.38468;3.79437;1.45545;98;B
uf20-0938;975;973;1000;128.146;139.984;240.646;261.484;4.20892;1.0767;4.35329;0.920388;407;A
uf20-0939;990;983;1000;86.297;121.341;131.297;197.841;3.8317;1.22274;4.2677;0.928613;1;A
uf20-093;964;948;1000;126.755;143.16;288.755;377.16;4.00404;1.3293;4.1502;0.999235;2;A
uf20-0940;991;916;1000;89.232;176.714;129.732;554.714;3.81992;1.33697;4.17841;1.12176;3;A
uf20-0941;1000;1000;1000;53.965;49.135;53.965;49.135;3.43882;1.05839;3.53141;0.759542;60;B
uf20-0942;999;1000;1000;50.774;43.782;55.274;43.782;3.31226;1.13265;3.41238;0.719124;42;B
uf20-0943;606;636;1000;290.43;315.785;2063.43;1953.79;2.70581;2.76212;3.17602;2.72764;392;B
uf20-0944;566;612;1000;300.508;305.64;2253.51;2051.64;2.42162;2.96988;2.83996;2.95001;302;B
uf20-0945;500;612;1000;317.081;298.707;2567.08;2044.71;2.05091;3.06289;2.83155;2.79717;140;B
uf20-0946;992;1000;1000;67.186;47.859;103.186;47.859;3.56175;1.14363;3.56956;0.633788;39;B
uf20-0947;998;1000;1000;49.256;71.364;58.256;71.364;3.3645;1.00158;3.8944;0.82448;362;B
uf20-0948;983;987;1000;113.767;135.162;190.267;193.662;4.184;0.936032;4.45351;0.843013;482;B
uf20-0949;996;994;1000;88.961;104.848;106.961;131.848;3.95013;1.13717;4.19965;0.925797;478;A
uf20-094;714;951;1000;248.732;165.441;1535.73;385.941;3.12846;2.26265;4.43666;0.808175;78;B
uf20-0950;830;852;1000;205.734;214.71;970.734;880.71;3.67889;1.57811;4.0161;1.26764;273;B
uf20-0951;1000;1000;1000;31.327;42.593;31.327;42.593;2.98547;0.844837;3.38785;0.705692;345;A
uf20-0952;990;981;1000;85.038;121.705;130.038;207.205;3.75246;1.2984;4.19186;1.08832;3;A
uf20-0953;960;993;1000;117.739;105.132;297.739;136.632;3.69983;1.74028;4.16796;1.02269;107;B
uf20-0954;639;573;1000;268.693;332.567;1893.19;2254.07;2.75081;2.52558;2.84564;3.15066;4;A
uf20-0955;1000;1000;1000;23.581;37.479;23.581;37.479;2.83144;0.629511;3.33167;0.603449;2;A
uf20-0956;712;667;1000;272.014;293.4;1568.01;1791.9;3.33594;2.34337;3.19568;2.56242;3;A
uf20-0957;854;988;1000;172.505;102.056;829.505;156.056;3.52061;1.58654;4.02962;1.09323;27;B
uf20-0958;888;961;1000;186.148;141.642;690.148;317.142;3.92909;1.5344;4.20224;1.12162;41;B
uf20-0959;992;998;1000;80.696;78.425;116.696;87.425;3.74907;1.21457;3.9601;0.799951;82;B
uf20-095;482;712;1000;337.18;274.788;2668.18;1570.79;2.15692;3.40384;3.40786;2.18535;71;B
uf20-0960;967;840;1000;130.405;215.752;278.905;935.752;4.1752;1.0624;3.93101;1.3442;4;A
uf20-0961;988;1000;1000;58.406;48.927;112.406;48.927;3.29529;1.1044;3.51923;0.749896;73;B
uf20-0962;462;672;1000;320.253;290.057;2741.25;1766.06;1.8313;2.88026;3.24773;2.38592;162;B
uf20-0963;920;964;1000;132.692;133.852;492.692;295.852;3.54271;1.64976;4.16889;1.12785;165;B
uf20-0964;962;1000;1000;70.546;36.488;241.546;36.488;3.04997;1.30142;3.25394;0.671025;37;B
uf20-0965;1000;1000;1000;22.224;22.695;22.224;22.695;2.74626;0.68866;2.89304;0.463779;126;B
uf20-0966;846;949;1000;161.519;150.112;854.519;379.612;3.2396;1.71939;4.18281;1.14953;155;B
uf20-0967;825;955;1000;201.594;144.499;989.094;346.999;3.54997;1.8048;4.17585;1.12139;44;B
uf20-0968;982;972;1000;86.473;132.828;167.473;258.828;3.65337;1.38926;4.23653;1.04372;3;A
uf20-0969;936;1000;1000;137.382;91.152;425.382;91.152;3.87729;1.34761;4.11466;0.882013;44;B
uf20-096;531;762;1000;334.776;281.164;2445.28;1352.16;2.51841;3.38993;3.86486;1.69424;97;B
uf20-0970;972;987;1000;103.352;89.484;229.352;147.984;3.74918;1.47646;3.87058;1.14786;92;B
uf20-0971;372;618;1000;378.427;316.301;3204.43;2035.3;1.668;3.62896;3.05244;2.84735;86;B
uf20-0972;942;950;1000;157.999;146.504;418.999;371.504;4.2189;1.08061;4.23238;0.925662;38;B
uf20-0973;912;917;1000;184.552;191.15;580.552;564.65;4.16824;1.27873;4.33381;1.01765;296;B
uf20-0974;883;996;1000;146.583;80.285;673.083;98.285;3.4812;1.44501;3.94873;0.870414;46;B
uf20-0975;995;1000;1000;85.836;74.842;108.336;74.842;3.80802;1.35643;3.95319;0.830346;76;B
uf20-0976;966;980;1000;128.979;122.654;281.979;212.654;4.09843;1.18181;4.24272;0.940355;97;B
uf20-0977;754;658;1000;256.331;303.477;1363.33;1842.48;3.5569;1.96859;3.26104;2.51256;3;A
uf20-0978;932;894;1000;179.089;202.635;485.089;679.635;4.3195;1.09615;4.27108;0.992312;3;A
uf20-0979;706;793;1000;270.786;254.098;1593.79;1185.6;3.29803;2.30283;3.83624;1.69232;160;B
uf20-097;825;910;1000;188.73;166.207;976.23;571.207;3.35245;1.89234;3.91321;1.4497;89;B
uf20-0980;961;961;1000;125.753;161.814;301.253;337.314;4.06975;1.05236;4.4599;0.880211;497;B
uf20-0981;966;904;1000;148.643;196.807;301.643;628.807;4.31113;1.18067;4.26933;1.0812;4;A
uf20-0982;960;1000;1000;86.439;97.022;266.439;97.022;3.52476;1.07138;4.22162;0.813556;195;B
uf20-0983;974;978;1000;109.452;124.064;226.452;223.064;3.90205;1.33746;4.22861;0.982864;411;B
uf20-0984;850;960;1000;191.695;154.7;866.695;334.7;3.68488;1.56972;4.33937;0.99862;80;B
uf20-0985;904;905;1000;167.186;192.583;599.186;620.083;3.94704;1.3032;4.2461;1.06382;471;B
uf20-0986;983;997;1000;86.427;90.164;162.927;103.664;3.70687;1.21946;4.02538;1.00288;153;B
uf20-0987;973;1000;1000;93.942;62.465;215.442;62.465;3.5962;1.50936;3.71627;0.876009;44;B
uf20-0988;999;1000;1000;56.505;42.063;61.005;42.063;3.49239;1.09699;3.38773;0.716063;23;B
uf20-0989;898;921;1000;148.105;177.054;607.105;532.554;3.61781;1.50984;4.19273;1.16236;406;B
uf20-098;948;991;1000;129.346;111.968;363.346;152.468;3.84046;1.47749;4.19083;1.04675;95;B
uf20-0990;969;991;1000;122.955;113.48;262.455;153.98;4.0628;1.23324;4.26321;0.946409;127;B
uf20-0991;1000;1000;1000;25.98;37.179;25.98;37.179;2.95189;0.624471;3.27343;0.714839;3;A
uf20-0992;950;988;1000;154.55;119.054;379.55;173.054;4.21904;1.15437;4.26371;1.00557;9;B
uf20-0993;866;977;1000;171.451;118.713;774.451;222.213;3.68772;1.30855;4.19219;0.87242;53;B
uf20-0994;995;993;1000;80.145;114.109;102.645;145.609;3.76516;1.2724;4.25047;0.995085;4;A
uf20-0995;854;854;1000;187.08;215.789;844.08;872.789;3.69941;1.50357;3.99334;1.37478;4;A
uf20-0996;969;908;1000;119.727;183.671;259.227;597.671;3.92827;1.41501;4.14964;1.20466;4;A
uf20-0997;983;994;1000;87.152;88.026;163.652;115.026;3.70321;1.30035;4.00164;0.943875;119;B
uf20-0998;973;988;1000;100.644;110.987;222.144;164.987;3.80108;1.30646;4.17494;1.02113;283;B
uf20-0999;1000;1000;1000;34.959;39.908;34.959;39.908;3.10863;0.83048;3.38227;0.640471;98;B
uf20-099;999;982;1000;77.034;118.505;81.534;199.505;3.84988;1.08275;4.15774;1.12325;4;A
uf20-09;459;612;1000;334.452;320.851;2768.95;2066.85;1.91192;3.19909;3.0267;2.93329;203;B
